-- phpMyAdmin SQL Dump
-- version 5.2.0
-- https://www.phpmyadmin.net/
--
-- Servidor: 127.0.0.1
-- Tiempo de generación: 02-03-2023 a las 14:55:03
-- Versión del servidor: 10.4.24-MariaDB
-- Versión de PHP: 7.4.29

SET SQL_MODE = "NO_AUTO_VALUE_ON_ZERO";
START TRANSACTION;
SET time_zone = "+00:00";


/*!40101 SET @OLD_CHARACTER_SET_CLIENT=@@CHARACTER_SET_CLIENT */;
/*!40101 SET @OLD_CHARACTER_SET_RESULTS=@@CHARACTER_SET_RESULTS */;
/*!40101 SET @OLD_COLLATION_CONNECTION=@@COLLATION_CONNECTION */;
/*!40101 SET NAMES utf8mb4 */;

--
-- Base de datos: `ldiee`
--

-- --------------------------------------------------------

--
-- Estructura de tabla para la tabla `admins`
--

CREATE TABLE `admins` (
  `admin_id` varchar(128) DEFAULT NULL,
  `ti_un` bigint(20) NOT NULL,
  `name` varchar(128) DEFAULT NULL,
  `last_name` varchar(128) DEFAULT NULL,
  `email` varchar(128) DEFAULT NULL,
  `username` varchar(128) DEFAULT NULL,
  `pass` bigint(20) DEFAULT NULL,
  `document_type` varchar(128) DEFAULT NULL,
  `document` bigint(20) DEFAULT NULL
) ENGINE=InnoDB DEFAULT CHARSET=utf8;

--
-- Volcado de datos para la tabla `admins`
--

INSERT INTO `admins` (`admin_id`, `ti_un`, `name`, `last_name`, `email`, `username`, `pass`, `document_type`, `document`) VALUES
('654321', 123456, 'Almacen', 'diee', 'labdiee_fibog@unal.edu.co', 'admin', 123456, 'cedula', 123456),
('IZtkHr71YY', 80804017, 'Alejandro', 'Suarez Tunjano', 'asuarezt@unal.edu.co', 'asuarezt', 80804017, 'cedula', 80804017);

-- --------------------------------------------------------

--
-- Estructura de tabla para la tabla `codes`
--

CREATE TABLE `codes` (
  `code_id` int(11) NOT NULL,
  `code` varchar(128) DEFAULT NULL
) ENGINE=InnoDB DEFAULT CHARSET=utf8;

--
-- Volcado de datos para la tabla `codes`
--

INSERT INTO `codes` (`code_id`, `code`) VALUES
(2, 'BC-1'),
(3, 'BC-2'),
(4, 'BC-1-X2'),
(5, 'BC-1-X3'),
(6, 'BC-2-X2'),
(7, 'BC-2-X3'),
(8, 'BB-1'),
(9, 'BB-1-X2'),
(10, 'BB-1-X3'),
(11, 'BB-1-X4'),
(12, 'BB-1-X5'),
(13, 'BB-1-X6'),
(14, 'BNCC-1'),
(15, 'BNCC-1-X2'),
(16, 'BNCC-1-X3'),
(17, 'SA-1'),
(18, 'SA-1-X2'),
(19, 'SA-2'),
(20, 'SA-3'),
(21, 'SA-4'),
(22, 'SA-5'),
(23, 'BNC-1'),
(24, 'BNC-1-X2'),
(25, 'VB-01'),
(26, 'VB-02'),
(27, 'VB-03'),
(28, 'FS-1'),
(29, 'FS-2'),
(30, 'FS-3'),
(31, 'FS-4'),
(32, 'FS-5'),
(33, 'FS-6'),
(34, 'FS-7'),
(35, 'FS-8'),
(36, 'FS-9'),
(37, 'FS-10'),
(38, 'FS-11'),
(39, 'FS-12'),
(40, 'FS-13'),
(41, 'FS-14'),
(42, 'FS-15'),
(43, 'FS-16'),
(44, 'FS-17'),
(45, 'FS-18'),
(46, 'FS-19'),
(47, 'FS-20'),
(48, 'FS-21'),
(49, 'FS-22'),
(50, 'FS-23'),
(51, 'FS-24'),
(52, 'FS-25'),
(53, 'FS-26'),
(54, 'FS-27'),
(55, 'FS-28'),
(56, 'FS-29'),
(57, 'FS-30'),
(58, 'FTV-8'),
(59, 'FTV-9'),
(60, 'FTV-10'),
(61, 'FTV-11'),
(62, 'FTV-12'),
(63, 'FTV-13'),
(64, 'FTV-14'),
(65, 'FTV-15'),
(66, 'FTV-16'),
(67, 'FTV-1'),
(68, 'FTV-3'),
(69, 'FTV-4'),
(70, 'FTV-5'),
(71, 'FTV-6'),
(72, 'FTV-17'),
(73, 'FTV-18'),
(74, 'FTV-19'),
(75, 'FTV-20'),
(76, 'FTV-21'),
(77, 'FTV-22'),
(78, 'FS-31'),
(79, 'FS-32'),
(80, 'FS-33'),
(81, 'FS-34'),
(82, 'FS-35'),
(83, 'FS-36'),
(84, 'FS-37'),
(85, 'FS-38'),
(86, 'FS-39'),
(87, 'FTV-23'),
(88, 'OD-1'),
(89, 'OD-2'),
(90, 'OD-3'),
(91, 'OD-4'),
(92, 'OD-5'),
(93, 'OD-6'),
(94, 'OD-7'),
(95, 'OD-8'),
(96, 'OD-9'),
(97, 'OD-10'),
(98, 'OD-11'),
(99, 'OD-12'),
(100, 'OD-13'),
(101, 'OD-14'),
(102, 'OD-15'),
(103, 'OD-16'),
(104, 'OD-17'),
(105, 'OD-18'),
(106, 'OD-19'),
(107, 'OD-20'),
(108, 'OD-21'),
(109, 'OD-22'),
(110, 'OD-23'),
(111, 'OD-24'),
(112, 'OD-25'),
(113, 'OD-37'),
(114, 'OD-38'),
(115, 'LEC-1'),
(116, 'LEC-2'),
(117, 'LEC-3'),
(118, 'LEC-4'),
(119, 'LEC-5'),
(120, 'OA-1'),
(121, 'OA-2'),
(122, 'OA-3'),
(123, 'OA-4'),
(124, 'OA-5'),
(125, 'OA-6'),
(126, 'OA-7'),
(127, 'OA-8'),
(128, 'OA-9'),
(129, 'OA-10'),
(130, 'OA-11'),
(131, 'OA-12'),
(132, 'OA-13'),
(133, 'OA-14'),
(134, 'OA-15'),
(135, 'OA-16'),
(136, 'OA-17'),
(137, 'OA-18'),
(138, 'OA-19'),
(139, 'OA-20'),
(140, 'OA-21'),
(141, 'OA-22'),
(142, 'RIO1'),
(143, 'RIO2'),
(144, 'RIO3'),
(145, 'RIO4'),
(146, 'RIO5'),
(147, 'OD-34'),
(148, 'OD-35'),
(149, 'OD-36'),
(150, 'OD-39'),
(151, 'OD-40'),
(152, 'OD-41'),
(153, 'OD-42'),
(154, 'OD-43'),
(155, 'OD-44'),
(156, 'OD-45'),
(157, 'OD-46'),
(158, 'OD-47'),
(159, 'OD-48'),
(160, 'OD-49'),
(161, 'RIO-1-1'),
(162, 'RIO-1-2'),
(163, 'RIO-1-3'),
(164, 'RIO-1-4'),
(165, 'NGF-1'),
(166, 'NGF-2'),
(167, 'NGF-3'),
(168, 'NGF-4'),
(169, 'NGF-5'),
(170, 'NGF-6'),
(171, 'NGF-7'),
(172, 'NGF-8'),
(173, 'NGF-9'),
(174, 'NGF-10'),
(175, 'NGF-11'),
(176, 'NGF-12'),
(177, 'NGF-13'),
(178, 'NGF-14'),
(179, 'NGF-15'),
(180, 'GF-23'),
(181, 'GF-9'),
(182, 'GF-10'),
(183, 'GF-12'),
(184, 'GF-13'),
(185, 'GF-14'),
(186, 'GF-19'),
(187, 'GF-48'),
(188, 'GF-49'),
(189, 'GF-16'),
(190, 'GF-17'),
(191, 'GF-45'),
(192, 'GF-46'),
(193, 'GF-47'),
(194, 'GF-25'),
(195, 'GF-24'),
(196, 'GF-22'),
(197, 'GF-43'),
(198, 'GF-38'),
(199, 'GF-37'),
(200, 'GF-44'),
(201, 'GF-40'),
(202, 'GF-41'),
(203, 'GF-42'),
(204, 'GF-50'),
(205, 'GF-26'),
(206, 'GF-27'),
(207, 'GF-53'),
(208, 'GF-54'),
(209, 'GF-55'),
(210, 'GF-56'),
(211, 'GF-57'),
(212, '102A-B1'),
(213, '102A-B2'),
(214, '102A-B3'),
(215, '102A-B4'),
(216, '102A-B5'),
(217, '102A-B6'),
(218, '102A-B7'),
(219, '102A-B8'),
(220, '102A-B9'),
(221, '102A-B10'),
(222, '202A-B1'),
(223, '202A-B2'),
(224, '202A-B3'),
(225, '202A-B4'),
(226, '202A-B5'),
(227, '202A-B6'),
(228, '202A-B7'),
(229, '202A-B8'),
(230, '202A-B9'),
(231, '202A-B10'),
(232, '202B-B1'),
(233, '202B-B2'),
(234, '202B-B3'),
(235, '202B-B4'),
(236, '202B-B5'),
(237, '202B-B6'),
(238, '202B-B7'),
(239, '202B-B8'),
(240, '202B-B9'),
(241, '202B-B10'),
(242, '104B-B1'),
(243, '104B-B2'),
(244, '104B-B3'),
(245, '104B-B4'),
(246, '104B-B5'),
(247, '104B-B6'),
(248, '104B-B7'),
(249, '104B-B8'),
(250, '104B-B9'),
(251, '104B-B10'),
(252, '104A-B1'),
(253, '104A-B2'),
(254, '104A-B3'),
(255, '104A-B4'),
(256, '104A-B5'),
(257, '104A-B6'),
(258, 'AP-1'),
(259, 'AP-2'),
(260, 'AP-3'),
(261, 'AP-4'),
(262, 'AP-5'),
(263, 'AP-6'),
(264, 'AP-7'),
(265, 'AP-8'),
(266, 'RE-1'),
(267, 'RE-2'),
(268, 'RE-3'),
(269, 'RE-4'),
(270, 'RE-5'),
(271, 'RE-6'),
(272, 'RE-7'),
(273, 'RE-8'),
(274, 'RE-9'),
(275, 'RE-10'),
(276, 'RE-11'),
(277, 'RE-12'),
(278, 'RE-13'),
(279, 'RE-14'),
(280, 'RE-15'),
(281, 'RE-15A'),
(282, 'RE-16'),
(283, 'RE-17'),
(284, 'RE-18'),
(285, 'RE-19'),
(286, 'RE-20'),
(287, 'RE-21'),
(288, 'RE-22'),
(289, 'RE-23'),
(290, 'RE-24'),
(291, 'RE-24A'),
(292, 'RE-25'),
(293, 'RE-26'),
(294, 'RE-27'),
(295, 'RE-28'),
(296, 'RE-29'),
(297, 'RE-30'),
(298, 'RE-31'),
(299, 'RE-32'),
(300, 'RE-33'),
(301, 'RE-34'),
(302, 'RE-35'),
(303, 'RE-36'),
(304, 'RE-37'),
(305, 'RE-38'),
(306, 'RE-39'),
(307, 'RE-40'),
(308, 'RE-41'),
(309, 'RE-42'),
(310, 'RE-43'),
(311, 'RE-44'),
(312, 'RE-45'),
(313, 'RE-46'),
(314, 'RE-47'),
(315, 'RE-48'),
(316, 'RE-49'),
(317, 'RE-50'),
(318, 'RE-51'),
(319, 'RE-52'),
(320, 'RE-53'),
(321, 'RE-54'),
(322, 'RE-54A'),
(323, 'RE-55'),
(324, 'RE-56'),
(325, 'RE-57'),
(326, 'RE-58'),
(327, 'RE-59'),
(328, 'RE-60'),
(329, 'RE-61'),
(330, 'RE-62'),
(331, 'RE-63'),
(332, 'RE-64'),
(333, 'RE-65'),
(334, 'RE-66'),
(335, 'RE-67'),
(336, 'RE-68'),
(337, 'RE-69'),
(338, 'RE-70'),
(339, 'RE-71'),
(340, 'RE-72'),
(341, 'RE-73'),
(342, 'RE-74'),
(343, 'RE-75'),
(344, 'RE-76'),
(345, 'RE-77'),
(346, 'RE-78'),
(347, 'RE-79'),
(348, 'RE-80'),
(349, 'RE-81'),
(350, 'RE-82'),
(351, 'RE-83'),
(352, 'RE-84'),
(353, 'RE-85'),
(354, 'RE-86'),
(355, 'RE-87'),
(356, 'RE-88'),
(357, 'RE-89'),
(358, 'RE-90'),
(359, 'RE-91'),
(360, 'RE-92'),
(361, 'RE-93'),
(362, 'RE-94'),
(363, 'RE-95'),
(364, 'RE-96'),
(365, 'MD-1'),
(366, 'MD-2'),
(367, 'MD-3'),
(368, 'MD-4'),
(369, 'MD-5'),
(370, 'MD-6'),
(371, 'MD-7'),
(372, 'MD-8'),
(373, 'MD-9'),
(374, 'MD-10'),
(375, 'MD-11'),
(376, 'MD-12'),
(377, 'MD-13'),
(378, 'MD-14'),
(379, 'MD-15'),
(380, 'MD-16'),
(381, 'MD-17'),
(382, 'MD-18'),
(383, 'MD-19'),
(384, 'MD-20'),
(385, 'MD-21'),
(386, 'MD-22'),
(387, 'MD-23'),
(388, 'MD-24'),
(389, 'MD-25'),
(390, 'MD-26'),
(391, 'MD-27'),
(392, 'MD-28'),
(393, 'MD-29'),
(394, 'MD-30'),
(395, 'MD-31'),
(396, 'MD-32'),
(397, 'MD-33'),
(398, 'MD-34'),
(399, 'MD-35'),
(400, 'MD-36'),
(401, 'MD-37'),
(402, 'MD-38'),
(403, 'MD-39'),
(404, 'MD-40'),
(405, 'MD-41'),
(406, 'MD-42'),
(407, 'MD-43'),
(408, 'MD-44'),
(409, 'MD-45'),
(410, 'MD-46'),
(411, 'MD-47'),
(412, 'MD-48'),
(413, 'MD-49'),
(414, 'MD-50'),
(415, 'MD-51'),
(416, 'MD-52'),
(417, 'MD-53'),
(418, 'MD-54'),
(419, 'MD-55'),
(420, 'MD-56'),
(421, 'MD-57'),
(422, 'MD-58'),
(423, 'MD-59'),
(424, 'MD-60'),
(425, 'MD-61'),
(426, 'MD-62'),
(427, 'MD-63'),
(428, 'MD-64'),
(429, 'MD-65'),
(430, 'MD-66'),
(431, 'MD-67'),
(432, 'MD-68'),
(433, 'MD-69'),
(434, 'MD-70'),
(435, 'FPGA-1'),
(436, 'FPGA-2'),
(437, 'FPGA-3'),
(438, 'FPGA-4'),
(439, 'FPGA-5'),
(440, 'FPGA-8'),
(441, 'FPGA-9'),
(442, 'FPGA-10'),
(443, 'FPGA-11'),
(444, 'FPGA-12'),
(445, 'FPGA-13'),
(446, 'FPGA-14'),
(447, 'FPGA-15'),
(448, 'FPGA-16'),
(449, 'FPGA-17'),
(450, 'FPGA-18'),
(451, 'FPGA-19'),
(452, 'FPGA-20'),
(453, 'FPGA-21'),
(454, 'FPGA-22'),
(455, 'FPGA-23'),
(456, 'FPGA-24'),
(457, 'FPGA-25'),
(458, 'FPGA-26'),
(459, 'FPGA-27'),
(460, 'FPGA-28'),
(461, 'FPGA-29'),
(462, 'FPGA-30'),
(463, 'DAQ-1'),
(464, 'DAQ-2'),
(465, 'DAQ-3'),
(466, 'DAQ-4'),
(467, 'DAQ-5'),
(468, 'DAQ-6'),
(469, 'DAQ-7'),
(470, 'TD-008'),
(471, 'TD-009'),
(472, 'TD-010'),
(473, 'TD-011'),
(474, 'TD-012'),
(475, 'TD-013'),
(476, 'TD-014'),
(477, 'TD-015'),
(478, 'TD-016'),
(479, 'TD-017'),
(480, 'TD-018'),
(481, 'TD-019'),
(482, 'TD-020'),
(483, 'TD-021'),
(484, 'TD-022'),
(485, 'TD-023'),
(486, 'TD-024'),
(487, 'TD-025'),
(488, 'TD-026'),
(489, 'TD-027'),
(490, 'TM-1'),
(491, 'TM-2'),
(492, 'TM-3'),
(493, 'PA-12'),
(494, 'PA-13'),
(495, 'PA-16'),
(496, 'PA-19'),
(497, 'PA-20'),
(498, 'PA-21'),
(499, 'PA-24'),
(500, 'PA-30'),
(501, 'PA-31'),
(502, 'PA-32'),
(503, 'PA-33'),
(504, 'PA-34'),
(505, 'PA-35'),
(506, 'PA-36'),
(507, 'PA-37'),
(508, 'PA-38'),
(509, 'PA-39'),
(510, 'PA-40'),
(511, 'PA-41'),
(512, 'PA-42'),
(513, 'PA-43'),
(514, 'TI-1'),
(515, 'TK-1'),
(516, 'TK-2'),
(517, 'TK-3'),
(518, 'TK-4'),
(519, 'TK-5'),
(520, 'TK-6'),
(521, 'TK-7'),
(522, 'TE-1'),
(523, 'TE-2'),
(524, 'TE-3'),
(525, 'LU-1'),
(526, 'LU-2'),
(527, 'LU-3'),
(528, 'LU-4'),
(529, 'DEC-1'),
(530, 'DEC-2'),
(531, 'DEC-3'),
(532, 'DEC-4'),
(533, 'DEC-5'),
(534, 'DEC-6'),
(535, 'DEC-7'),
(536, 'DEC-8'),
(537, 'DEC-9'),
(538, 'DEC-10'),
(539, 'DEC-11'),
(540, 'DEC-12'),
(541, 'DEC-13'),
(542, 'WA-2'),
(543, 'WA-7'),
(544, 'WA-8'),
(545, 'WA-9'),
(546, 'WA-10'),
(547, 'WA11'),
(548, 'WA-14'),
(549, 'WA-22'),
(550, 'WA-23'),
(551, 'AE-1'),
(552, 'AE-2'),
(553, 'AE-3'),
(554, 'AE-4'),
(555, 'AE-5'),
(556, 'AE-6'),
(557, 'AE-7'),
(558, 'AE-6-1'),
(559, 'AE-7-1'),
(560, 'CTP-1'),
(561, 'CTP-2'),
(562, 'CTP-3'),
(563, 'CTP-4'),
(564, 'ST-1'),
(565, 'ST-2'),
(566, 'ST-3'),
(567, 'ST-4'),
(568, 'TC-1'),
(569, 'CM-2'),
(570, 'CM-3'),
(571, 'CM-4'),
(572, 'CM-5'),
(573, 'CM-6'),
(574, 'CM-7'),
(575, 'CT-1'),
(576, 'CT-2'),
(577, 'CT-3'),
(578, 'CT-4'),
(579, 'TV-1'),
(580, 'TV-2'),
(581, 'TV-3'),
(582, 'TV-4'),
(583, 'TV-5'),
(584, 'TV-6'),
(585, 'TV-7'),
(586, 'TV-8'),
(587, 'TV-9'),
(588, 'TV-10'),
(589, 'TV-11'),
(590, 'TV-12'),
(591, 'BO-1'),
(592, 'BO-2'),
(593, 'BO-3'),
(594, 'BO-4'),
(595, 'BO-5'),
(596, 'BO-6'),
(597, 'BO-7'),
(598, 'BO-8'),
(599, 'BO-9'),
(600, 'BO-10'),
(601, 'BO-11'),
(602, 'BO-12'),
(603, 'BO-13'),
(604, 'BO-14'),
(605, 'BO-15'),
(606, 'BO-16'),
(607, 'BO-17'),
(608, 'BO-18'),
(609, 'BO-19'),
(610, 'BO-20'),
(611, 'BO-21'),
(612, 'BO-22'),
(613, 'BO-23'),
(614, 'BO-24'),
(615, 'BO-25'),
(616, 'BO-26'),
(617, 'BO-27'),
(618, 'BO-28'),
(619, 'BO-29'),
(620, 'BO-30'),
(621, 'ME-1'),
(622, 'ME-2'),
(623, 'ME-3'),
(624, 'ME-5'),
(625, 'ME-6'),
(626, 'ME-8'),
(627, 'ME-9'),
(628, 'ME-10'),
(629, 'ME-11'),
(630, 'ME-12'),
(631, 'ME-13'),
(632, 'ME-14'),
(633, 'ME-15'),
(634, 'ME-16'),
(635, 'ME-17'),
(636, 'ME-18'),
(637, 'ME-19'),
(638, 'PAR-01'),
(639, 'PAR-02'),
(640, 'PAR-03'),
(641, 'PAR-04'),
(642, 'PAR-05'),
(643, 'PAR-06'),
(644, 'MI-01'),
(645, 'MI-02'),
(646, 'MI-03'),
(647, 'MI-04'),
(648, 'MI-05'),
(649, 'MI-06'),
(650, 'VNA-01'),
(651, 'VNA-02'),
(652, 'VNA-03'),
(653, 'VNA-04'),
(654, 'VNA-05'),
(655, 'VNA-06'),
(656, 'VNA-07'),
(657, 'USRP-01'),
(658, 'USRP-02'),
(659, 'USRP-03'),
(660, 'USRP-04'),
(661, 'USRP-05'),
(662, 'ML-01'),
(663, 'ML-02'),
(664, 'ML-03'),
(665, 'ML-04'),
(666, 'ML-05'),
(667, 'ML-06'),
(668, 'ML-07'),
(669, 'MT-1'),
(670, 'MT-2'),
(671, 'MT-3'),
(672, 'POD-1'),
(673, 'POD-2'),
(674, 'NF-1'),
(675, 'NF-2'),
(676, 'NF-3'),
(677, 'NF-4'),
(678, 'NF-5'),
(679, 'NF-6'),
(680, 'NF-7'),
(681, 'NF-8'),
(682, 'NF-9'),
(683, 'NF-10'),
(684, 'NF-11'),
(685, 'NFT-1'),
(686, 'AC-1'),
(687, 'AC-2'),
(688, 'AC-3'),
(689, 'AC-4'),
(690, 'AC-5'),
(691, 'AC-6'),
(692, 'AC-7'),
(693, 'AC-8'),
(694, 's-'),
(695, '-4'),
(696, '-25'),
(697, '-26'),
(698, '1'),
(699, '2'),
(700, '3'),
(701, '4'),
(702, '5'),
(703, '6'),
(704, '7'),
(705, '8'),
(706, '9'),
(707, '10'),
(708, '11'),
(709, '12'),
(710, '13'),
(711, '14'),
(712, '15'),
(713, '16'),
(714, '17'),
(715, '18'),
(716, '19'),
(717, '20'),
(718, '21'),
(719, '22'),
(720, '23'),
(721, '24'),
(722, '25'),
(723, '26'),
(724, '27'),
(725, '28'),
(726, '29'),
(727, '30'),
(728, '31'),
(729, '32'),
(730, '33'),
(731, '34'),
(732, '35'),
(733, '36'),
(734, '37'),
(735, '38'),
(736, '39'),
(737, '40'),
(738, '41'),
(739, '42'),
(740, '43'),
(741, '44'),
(742, '45'),
(743, '46'),
(744, '47'),
(745, '48'),
(746, '49'),
(747, '50'),
(748, '51'),
(749, '52'),
(750, '53'),
(751, '54'),
(752, '55'),
(753, '56'),
(754, '57'),
(755, '58'),
(756, '59'),
(757, '60'),
(758, '61'),
(759, '62'),
(760, '63'),
(761, '64'),
(762, '65'),
(763, '66'),
(764, '67'),
(765, '68'),
(766, '69'),
(767, '70'),
(768, '71'),
(769, '72'),
(770, '73'),
(771, '74'),
(772, '75'),
(773, '76'),
(774, '77'),
(775, '78'),
(776, '79'),
(777, '80'),
(778, '81'),
(779, '82'),
(780, '83'),
(781, '84'),
(782, '85'),
(783, '86'),
(784, '87'),
(785, '88'),
(786, '89'),
(787, '90'),
(788, '91'),
(789, '92'),
(790, '93'),
(791, '94'),
(792, '95'),
(793, '96'),
(794, '97'),
(795, '98'),
(796, '99'),
(797, '100'),
(798, '101'),
(799, '102'),
(800, '103'),
(801, '104'),
(802, '105'),
(803, '106'),
(804, '107'),
(805, '108'),
(806, '109'),
(807, '110'),
(808, '111'),
(809, '112'),
(810, '113'),
(811, '114'),
(812, '115'),
(813, '116'),
(814, '117'),
(815, '118'),
(816, '119'),
(817, '120'),
(818, '121'),
(819, '122'),
(820, '123'),
(821, '124'),
(822, '125'),
(823, '126'),
(824, '127'),
(825, '128'),
(826, '129'),
(827, '130'),
(828, '131'),
(829, '132'),
(830, '133'),
(831, '134'),
(832, '135'),
(833, '136'),
(834, '137'),
(835, '138'),
(836, '139'),
(837, '140'),
(838, '141'),
(839, '142'),
(840, '143'),
(841, '144'),
(842, '145'),
(843, '146'),
(844, '147'),
(845, '148'),
(846, '149'),
(847, '150'),
(848, '151'),
(849, '152'),
(850, '153'),
(851, '154'),
(852, '155'),
(853, '156'),
(854, '157'),
(855, '158'),
(856, '159'),
(857, '160'),
(858, '161'),
(859, '162'),
(860, '163'),
(861, '164'),
(862, '165'),
(863, '166'),
(864, '167'),
(865, '168'),
(866, '169'),
(867, '170'),
(868, '171'),
(869, '172'),
(870, '173'),
(871, '174'),
(872, '175'),
(873, '176'),
(874, '177'),
(875, '178'),
(876, '179'),
(877, '180'),
(878, '181'),
(879, '182'),
(880, '183'),
(881, '184'),
(882, '185'),
(883, '186'),
(884, '187'),
(885, '188'),
(886, '189'),
(887, '190'),
(888, '191'),
(889, '192'),
(890, '193'),
(891, '194'),
(892, '195'),
(893, '196'),
(894, '197'),
(895, '198'),
(896, '199'),
(897, '200'),
(898, '201'),
(899, '202'),
(900, '203'),
(901, '204'),
(902, '205'),
(903, '206'),
(904, '207'),
(905, '208'),
(906, '209'),
(907, '210'),
(908, '211'),
(909, '212'),
(910, '213'),
(911, '214'),
(912, '215'),
(913, '216'),
(914, '217'),
(915, '218'),
(916, '219'),
(917, '220'),
(918, '221'),
(919, '222'),
(920, '223'),
(921, '224'),
(922, '225'),
(923, '226'),
(924, '227'),
(925, '228'),
(926, '229'),
(927, '230'),
(928, '231'),
(929, '232'),
(930, '233'),
(931, '234'),
(932, '235'),
(933, '236'),
(934, '237'),
(935, '238'),
(936, '239'),
(937, '240'),
(938, '241'),
(939, '242'),
(940, '243'),
(941, '244'),
(942, '245'),
(943, '246'),
(944, '247'),
(945, '248'),
(946, '249'),
(947, '250'),
(948, '251'),
(949, '252'),
(950, '253'),
(951, '254'),
(952, '255'),
(953, '256'),
(954, '257'),
(955, '258'),
(956, '259'),
(957, '260'),
(958, '261'),
(959, '262'),
(960, '263'),
(961, '264'),
(962, '265'),
(963, '266'),
(964, '267'),
(965, '268'),
(966, '269'),
(967, '270'),
(968, '271'),
(969, '272'),
(970, '273'),
(971, '274'),
(972, '275'),
(973, '276'),
(974, '277'),
(975, '278'),
(976, '279'),
(977, '280'),
(978, '281'),
(979, '282'),
(980, '283'),
(981, '284'),
(982, '285'),
(983, '286'),
(984, '287'),
(985, '288'),
(986, '289'),
(987, '290'),
(988, '291'),
(989, '292'),
(990, '293'),
(991, '294'),
(992, '295'),
(993, '296'),
(994, '297'),
(995, '298'),
(996, '299'),
(997, '300'),
(998, '301'),
(999, '302'),
(1000, '303'),
(1001, '304'),
(1002, '305'),
(1003, '306'),
(1004, '307'),
(1005, '308'),
(1006, '309'),
(1007, '310'),
(1008, '311'),
(1009, '312'),
(1010, '313'),
(1011, '314'),
(1012, '315'),
(1013, '316'),
(1014, '317'),
(1015, '318'),
(1016, '319'),
(1017, '320'),
(1018, '321'),
(1019, '322'),
(1020, '323'),
(1021, '324'),
(1022, '325'),
(1023, '326'),
(1024, '327'),
(1025, '328'),
(1026, '329'),
(1027, '330'),
(1028, '331'),
(1029, '332'),
(1030, '333'),
(1031, '335'),
(1032, '336'),
(1033, '337'),
(1034, '338'),
(1035, '339'),
(1036, '340'),
(1037, '341'),
(1038, '342'),
(1039, '343'),
(1040, '344'),
(1041, '345'),
(1042, '346'),
(1043, '347'),
(1044, '348'),
(1045, '349'),
(1046, '350'),
(1047, '351'),
(1048, '352'),
(1049, '353'),
(1050, '354'),
(1051, '355'),
(1052, '356'),
(1053, '357'),
(1054, '358'),
(1055, '359'),
(1056, '360'),
(1057, '361'),
(1058, '362'),
(1059, '363'),
(1060, '364'),
(1061, '365'),
(1062, '366'),
(1063, '367'),
(1064, '368'),
(1065, '369'),
(1066, '370'),
(1067, '371'),
(1068, '372'),
(1069, '373'),
(1070, '374'),
(1071, '375'),
(1072, '376'),
(1073, '377'),
(1074, '378'),
(1075, '379'),
(1076, '380'),
(1077, '381'),
(1078, '382'),
(1079, '383'),
(1080, '384'),
(1081, '385'),
(1082, '386'),
(1083, '387'),
(1084, '388'),
(1085, '389'),
(1086, '390'),
(1087, '391'),
(1088, '392'),
(1089, '393'),
(1090, '394'),
(1091, '395'),
(1092, '396'),
(1093, '397'),
(1094, '398'),
(1095, '399'),
(1096, '400'),
(1097, '401'),
(1098, '402'),
(1099, '403'),
(1100, '404'),
(1101, '405'),
(1102, '406'),
(1103, '407'),
(1104, '408'),
(1105, '409'),
(1106, '410'),
(1107, '411'),
(1108, '412'),
(1109, '413'),
(1110, '414'),
(1111, '415'),
(1112, '416'),
(1113, '417'),
(1114, '418'),
(1115, '419'),
(1116, '420'),
(1117, '421'),
(1118, '422'),
(1119, '423'),
(1120, '424'),
(1121, '425'),
(1122, '426'),
(1123, '427'),
(1124, '428'),
(1125, '429'),
(1126, '430'),
(1127, '431'),
(1128, '432'),
(1129, '433'),
(1130, '434'),
(1131, '435'),
(1132, '436'),
(1133, '437'),
(1134, '438'),
(1135, '439'),
(1136, '440'),
(1137, '441'),
(1138, '442'),
(1139, '443'),
(1140, '444'),
(1141, '445'),
(1142, '446'),
(1143, '447'),
(1144, '448'),
(1145, '449'),
(1146, '450'),
(1147, '451'),
(1148, '452'),
(1149, '453'),
(1150, '454'),
(1151, '455'),
(1152, '456'),
(1153, '457'),
(1154, '458'),
(1155, '459'),
(1156, '460'),
(1157, '461'),
(1158, '462'),
(1159, '463'),
(1160, '464'),
(1161, '465'),
(1162, '466'),
(1163, '467'),
(1164, '468'),
(1165, '469'),
(1166, '470'),
(1167, '471'),
(1168, '472'),
(1169, '473'),
(1170, '474'),
(1171, '475'),
(1172, '476'),
(1173, '477'),
(1174, '478'),
(1175, '479'),
(1176, '480'),
(1177, '481'),
(1178, '482'),
(1179, '483'),
(1180, '484'),
(1181, '485'),
(1182, '486'),
(1183, '487'),
(1184, '488'),
(1185, '489'),
(1186, '490'),
(1187, '491'),
(1188, '492'),
(1189, '493'),
(1190, '494'),
(1191, '495'),
(1192, '496'),
(1193, '497'),
(1194, '498'),
(1195, '499'),
(1196, '500'),
(1197, '501'),
(1198, '502'),
(1199, '503'),
(1200, '504'),
(1201, '505'),
(1202, '506'),
(1203, '507'),
(1204, '508'),
(1205, '509'),
(1206, '510'),
(1207, '511'),
(1208, '512'),
(1209, '513'),
(1210, '514'),
(1211, '515'),
(1212, '516'),
(1213, '517'),
(1214, '518'),
(1215, '519'),
(1216, '520'),
(1217, '521'),
(1218, '522'),
(1219, '523'),
(1220, '524'),
(1221, '525'),
(1222, '526'),
(1223, '527'),
(1224, '528'),
(1225, '529'),
(1226, '530'),
(1227, '531'),
(1228, '532'),
(1229, '533'),
(1230, '534'),
(1231, '535'),
(1232, '536'),
(1233, '537'),
(1234, '538'),
(1235, '539'),
(1236, '540'),
(1237, '541'),
(1238, '542'),
(1239, '543'),
(1240, '544'),
(1241, '545'),
(1242, '546'),
(1243, '547'),
(1244, '548'),
(1245, '549'),
(1246, '550'),
(1247, '551'),
(1248, '552'),
(1249, '553'),
(1250, '554'),
(1251, '555'),
(1252, '556'),
(1253, '557'),
(1254, '558'),
(1255, '559'),
(1256, '560'),
(1257, '561'),
(1258, '562'),
(1259, '563'),
(1260, '564'),
(1261, '565'),
(1262, '566'),
(1263, '567'),
(1264, '568'),
(1265, '569'),
(1266, '570'),
(1267, '571'),
(1268, '572'),
(1269, '573'),
(1270, '574'),
(1271, '575'),
(1272, '576'),
(1273, '577'),
(1274, '578'),
(1275, '579'),
(1276, '580'),
(1277, '581'),
(1278, '582'),
(1279, '583'),
(1280, '584'),
(1281, '585'),
(1282, '586'),
(1283, '587'),
(1284, '588'),
(1285, '589'),
(1286, '590'),
(1287, '591'),
(1288, '592'),
(1289, '593'),
(1290, '594'),
(1291, '595'),
(1292, '596'),
(1293, '597'),
(1294, '598'),
(1295, '599'),
(1296, '600'),
(1297, '601'),
(1298, '602'),
(1299, '603'),
(1300, '604'),
(1301, '605'),
(1302, '606'),
(1303, '607'),
(1304, '608'),
(1305, '609'),
(1306, '610'),
(1307, '611'),
(1308, '612'),
(1309, '613'),
(1310, '614'),
(1311, '615'),
(1312, '616'),
(1313, '617'),
(1314, '618'),
(1315, '619'),
(1316, '620'),
(1317, '621'),
(1318, '622'),
(1319, '623'),
(1320, '624'),
(1321, '625'),
(1322, '626'),
(1323, '627'),
(1324, '628'),
(1325, '629'),
(1326, '630'),
(1327, '631'),
(1328, '632'),
(1329, '633'),
(1330, '634'),
(1331, '635'),
(1332, '636'),
(1333, '637'),
(1334, '638'),
(1335, '639'),
(1336, '640'),
(1337, '641'),
(1338, '642'),
(1339, '643'),
(1340, '644'),
(1341, '645'),
(1342, '646'),
(1343, '647'),
(1344, '648'),
(1345, '649'),
(1346, '650'),
(1347, '651'),
(1348, '652'),
(1349, '653'),
(1350, '654'),
(1351, '655'),
(1352, '656'),
(1353, '657'),
(1354, '658'),
(1355, '659'),
(1356, '660'),
(1357, '661'),
(1358, '662'),
(1359, '663'),
(1360, '664'),
(1361, '665'),
(1362, '666'),
(1363, '667'),
(1364, '668'),
(1365, '669'),
(1366, '670'),
(1367, '671'),
(1368, '672'),
(1369, '673'),
(1370, '674'),
(1371, '675'),
(1372, '676'),
(1373, '677'),
(1374, '678'),
(1375, '679'),
(1376, '680'),
(1377, '681'),
(1378, '682'),
(1379, '683'),
(1380, '684'),
(1381, '685'),
(1382, '686'),
(1383, '687'),
(1384, '688'),
(1385, '689'),
(1386, '690'),
(1387, '691'),
(1388, '692'),
(1389, '693'),
(1390, '694'),
(1391, '695'),
(1392, '696'),
(1393, '697'),
(1394, '698'),
(1395, '699'),
(1396, '700'),
(1397, '701'),
(1398, '702'),
(1399, '703'),
(1400, '704'),
(1401, '705'),
(1402, '706'),
(1403, '707'),
(1404, '708'),
(1405, '709'),
(1406, '710'),
(1407, '711'),
(1408, '712'),
(1409, '713'),
(1410, '714'),
(1411, '715'),
(1412, '716'),
(1413, '717'),
(1414, '718'),
(1415, '719'),
(1416, '720'),
(1417, '721'),
(1418, '722'),
(1419, '723'),
(1420, '724'),
(1421, '725'),
(1422, '726'),
(1423, '727'),
(1424, '728'),
(1425, '729'),
(1426, '730'),
(1427, '731'),
(1428, '732'),
(1429, '733'),
(1430, '734'),
(1431, '735'),
(1432, '736'),
(1433, '737'),
(1434, '738'),
(1435, '739'),
(1436, '740'),
(1437, '741'),
(1438, '742'),
(1439, '743'),
(1440, '744'),
(1441, '745'),
(1442, '746'),
(1443, '747'),
(1444, '748'),
(1445, '749'),
(1446, '750'),
(1447, '751'),
(1448, '752'),
(1449, '753'),
(1450, '754'),
(1451, '755'),
(1452, '756'),
(1453, '757'),
(1454, '758'),
(1455, '759'),
(1456, '760'),
(1457, '761'),
(1458, '762'),
(1459, '763'),
(1460, '764'),
(1461, '765'),
(1462, '766'),
(1463, '767'),
(1464, '768'),
(1465, '769'),
(1466, '770'),
(1467, '771'),
(1468, '772'),
(1469, '773'),
(1470, '774'),
(1471, '775'),
(1472, '776'),
(1473, '777'),
(1474, '778'),
(1475, '779'),
(1476, '780'),
(1477, '781'),
(1478, '782'),
(1479, '783'),
(1480, '784'),
(1481, '785'),
(1482, '786'),
(1483, '787'),
(1484, '788'),
(1485, '789'),
(1486, '790'),
(1487, '791'),
(1488, '792'),
(1489, '793'),
(1490, '794'),
(1491, '795'),
(1492, '796'),
(1493, '797'),
(1494, '798'),
(1495, '799'),
(1496, '800'),
(1497, '801'),
(1498, '802'),
(1499, '803'),
(1500, '804'),
(1501, '805'),
(1502, '806'),
(1503, '807'),
(1504, '808'),
(1505, '809'),
(1506, '810'),
(1507, '811'),
(1508, '922'),
(1509, '923'),
(1510, '924'),
(1511, '925'),
(1512, '926'),
(1513, '927'),
(1514, '928'),
(1515, '102A-1'),
(1516, '102A-2'),
(1517, '102A-3'),
(1518, '102A-4'),
(1519, '102A-5'),
(1520, '102A-6'),
(1521, '102A-7'),
(1522, '102A-8'),
(1523, '102A-9'),
(1524, '102A-10'),
(1525, '202A-1'),
(1526, '202A-2'),
(1527, '202A-3'),
(1528, '202A-4'),
(1529, '202A-5'),
(1530, '202A-6'),
(1531, '202A-7'),
(1532, '202A-8'),
(1533, '202A-9'),
(1534, '202A-10'),
(1535, '202B-1'),
(1536, '202B-2'),
(1537, '202B-3'),
(1538, '202B-4'),
(1539, '202B-5'),
(1540, '202B-6'),
(1541, '202B-7'),
(1542, '202B-8'),
(1543, '202B-9'),
(1544, '202B-10'),
(1545, '104A-1'),
(1546, '104A-2'),
(1547, '104A-3'),
(1548, '104A-4'),
(1549, '104A-5'),
(1550, '104A-6'),
(1562, '104B-1'),
(1563, '104B-2'),
(1564, '104B-3'),
(1565, '104B-4'),
(1566, '104B-6'),
(1567, '104B-9'),
(1568, '104B-11'),
(1569, '104B-12'),
(1570, '104B-13'),
(1571, '104B-14'),
(1572, 'RIO-1'),
(1573, 'RIO-2'),
(1574, 'RIO-3'),
(1575, 'RIO-4'),
(1576, 'RIO-5');

-- --------------------------------------------------------

--
-- Estructura de tabla para la tabla `consumables`
--

CREATE TABLE `consumables` (
  `consumable_id` int(11) NOT NULL,
  `consumable` varchar(255) DEFAULT NULL
) ENGINE=InnoDB DEFAULT CHARSET=utf8mb4;

--
-- Volcado de datos para la tabla `consumables`
--

INSERT INTO `consumables` (`consumable_id`, `consumable`) VALUES
(1, 'SI'),
(2, 'NO');

-- --------------------------------------------------------

--
-- Estructura de tabla para la tabla `courses`
--

CREATE TABLE `courses` (
  `course_id` int(11) NOT NULL,
  `name` varchar(128) DEFAULT NULL,
  `group` int(11) DEFAULT NULL,
  `hour_ini` varchar(8) DEFAULT NULL,
  `hour_fin` varchar(8) DEFAULT NULL,
  `days` varchar(128) DEFAULT NULL,
  `groups` int(11) DEFAULT NULL,
  `teacher_id` bigint(20) DEFAULT NULL
) ENGINE=InnoDB DEFAULT CHARSET=utf8;

--
-- Volcado de datos para la tabla `courses`
--

INSERT INTO `courses` (`course_id`, `name`, `group`, `hour_ini`, `hour_fin`, `days`, `groups`, `teacher_id`) VALUES
(6, 'Campos Electromagnéticos', 1, '07:00', '09:00', 'miercoles viernes ', 4, 79602747),
(7, 'Eléctronica Analoga I', 1, '14:00', '16:00', 'lunes', 4, 79602747),
(8, 'Taller de Ingeniería Eléctrica', 1, '10:00', '13:00', 'martes', 4, 79297170),
(10, 'Circuitos II', 1, '11:00', '13:00', 'jueves', 3, 79297170),
(11, 'RF', 1, '07:00', '21:00', 'miercoles', 2, 79297170),
(13, 'materiaprueba', 2, '09:00', '11:00', 'martes jueves ', 3, 123456),
(14, 'Aplicación y control de motores', 1, '07:00', '09:00', 'lunes martes miercoles jueves viernes sabado ', 2, 2179794516),
(15, 'cii', 1, '16:30', '16:30', 'sabado', 4, 2179794516),
(16, 'Almacen', 1, '07:42', '18:00', 'lunes martes miercoles jueves viernes sabado ', 2, 2179794516),
(18, 'Taller de Ingeniería Eléctrica (2016862)', 4, '09:50', '13:05', 'lunes', 7, 2131644635),
(20, 'Digital 1', 3, '08:50', '13:10', 'jueves', 6, 1077341419),
(21, 'Digital 1', 4, '08:50', '13:10', 'jueves', 7, 1077341419),
(22, 'Laboratorio de electronica analoga 1', 3, '14:00', '16:00', 'lunes', 6, 2180404612),
(23, 'Laboratorio de electronica analoga 1', 1, '16:00', '18:00', 'martes', 6, 2180404612),
(24, 'Circuitos Eléctricos II', 1, '09:00', '11:00', 'jueves', 6, 0),
(25, 'Circuitos Eléctricos II', 2, '11:00', '13:00', 'jueves', 6, 0),
(26, 'INSTRUMENTACIÓN Y MEDIDAS', 2, '16:00', '18:00', 'martes', 7, 2949865035),
(27, 'INSTRUMENTACION Y MEDIDAS', 1, '11:00', '13:00', 'miercoles', 6, 2130894219),
(28, 'Circuitos eléctricos II', 3, '14:00', '16:00', 'jueves', 6, 1867905474),
(29, 'Circuitos eléctricos II', 4, '16:00', '18:00', 'jueves', 4, 1867905474),
(30, 'Circuitos eléctricos II', 5, '09:00', '11:00', 'viernes', 6, 1867905474),
(31, 'Circuitos eléctricos II', 6, '11:00', '13:00', 'viernes', 6, 1867905474),
(32, 'Circuitos de RF', 1, '14:00', '16:00', 'jueves', 4, 2949726667),
(33, 'Circuitos de RF', 2, '16:00', '18:00', 'jueves', 4, 2949726667),
(34, 'Electrónica Análoga II', 1, '11:00', '13:00', 'martes', 5, 2949726667),
(35, 'Electrónica Análoga II', 2, '11:00', '13:00', 'jueves', 5, 2949726667),
(36, 'Electrónica Análoga I', 12, '14:00', '16:00', 'miercoles', 6, 3287174954),
(37, 'Laboratorio de Control', 1, '14:00', '16:00', 'jueves', 6, 1928276162),
(38, 'Laboratorio de Control', 2, '16:00', '18:00', 'jueves', 5, 1928276162),
(39, 'Laboratorio de Control', 3, '09:00', '11:00', 'miercoles', 5, 1928276162),
(40, 'Laboratorio de Control', 4, '11:00', '13:00', 'miercoles', 6, 1928276162),
(41, 'Laboratorio de Control', 5, '11:00', '13:00', 'martes', 5, 1928276162),
(42, 'Laboratorio de Control', 6, '14:00', '16:00', 'martes', 5, 1928276162),
(43, 'Laboratorio de Control', 7, '09:00', '11:00', 'viernes', 6, 1928276162),
(44, 'Laboratorio de Control', 8, '11:00', '13:00', 'viernes', 6, 1928276162),
(45, 'Electrónica Análoga I', 6, '16:00', '18:00', 'miercoles', 6, 3287174954);

-- --------------------------------------------------------

--
-- Estructura de tabla para la tabla `debts`
--

CREATE TABLE `debts` (
  `debt_id` int(11) NOT NULL,
  `comments` varchar(255) DEFAULT NULL,
  `rec_id` int(11) DEFAULT NULL,
  `state` varchar(128) DEFAULT NULL
) ENGINE=InnoDB DEFAULT CHARSET=utf8;

-- --------------------------------------------------------

--
-- Estructura de tabla para la tabla `descriptions`
--

CREATE TABLE `descriptions` (
  `description_id` int(11) NOT NULL,
  `description` varchar(255) DEFAULT NULL
) ENGINE=InnoDB DEFAULT CHARSET=utf8mb4;

--
-- Volcado de datos para la tabla `descriptions`
--

INSERT INTO `descriptions` (`description_id`, `description`) VALUES
(2, 'Estándar de conexión: Banana 4 mm con aislamiento, Revestimiento del Cable: PVC de Media Flexibilidad, Tensión de aislamiento: 1000V AC / DC, Corriente máxima sobre el conductor: 16A / 30 segundos., Resistencia del cable: <0.06W (cada cable), Apertura del'),
(3, 'Estándar de conexión: Banana 4 mm con aislamiento, Revestimiento del Cable: PVC de Media Flexibilidad, Tensión de aislamiento: 1000V AC / DC, Corriente máxima sobre el conductor: 16A / 30 segundos., Resistencia del cable: <0.06W (cada cable), Apertura del'),
(4, 'Estándar de conexión: Banana 4 mm con aislamiento, Revestimiento del Cable: PVC de Media Flexibilidad, Tensión de aislamiento: 1000V AC / DC, Corriente máxima sobre el conductor: 16A / 30 segundos., Resistencia del cable: <0.06W (cada cable), Apertura del'),
(5, 'Estándar de conexión: Banana 4 mm con aislamiento, Revestimiento del Cable: PVC de Media Flexibilidad, Tensión de aislamiento: 1000V AC / DC, Corriente máxima sobre el conductor: 16A / 30 segundos., Resistencia del cable: <0.06W (cada cable), Apertura del'),
(6, 'Estándar de conexión: Banana 4 mm con aislamiento, Revestimiento del Cable: PVC de Media Flexibilidad, Tensión de aislamiento: 1000V AC / DC, Corriente máxima sobre el conductor: 16A / 30 segundos., Resistencia del cable: <0.06W (cada cable), Apertura del'),
(7, 'Estándar de conexión: Banana 4 mm con aislamiento, Revestimiento del Cable: PVC de Media Flexibilidad, Tensión de aislamiento: 1000V AC / DC, Corriente máxima sobre el conductor: 16A / 30 segundos., Resistencia del cable: <0.06W (cada cable), Apertura del'),
(8, 'Estándar de conexión: Banana 4 mm con aislamiento, Revestimiento del Cable: PVC de Media Flexibilidad, Tensión de aislamiento: 1000V AC / DC, Corriente máxima sobre el conductor: 16A / 30 segundos., Resistencia del cable: <0.06W (cada cable), CONECTOR: 6m'),
(9, 'Estándar de conexión: Banana 4 mm con aislamiento, Revestimiento del Cable: PVC de Media Flexibilidad, Tensión de aislamiento: 1000V AC / DC, Corriente máxima sobre el conductor: 16A / 30 segundos., Resistencia del cable: <0.06W (cada cable), CONECTOR: 6m'),
(10, 'Estándar de conexión: Banana 4 mm con aislamiento, Revestimiento del Cable: PVC de Media Flexibilidad, Tensión de aislamiento: 1000V AC / DC, Corriente máxima sobre el conductor: 16A / 30 segundos., Resistencia del cable: <0.06W (cada cable), CONECTOR: 6m'),
(11, 'Estándar de conexión: Banana 4 mm con aislamiento, Revestimiento del Cable: PVC de Media Flexibilidad, Tensión de aislamiento: 1000V AC / DC, Corriente máxima sobre el conductor: 16A / 30 segundos., Resistencia del cable: <0.06W (cada cable), CONECTOR: 6m'),
(12, 'Estándar de conexión: Banana 4 mm con aislamiento, Revestimiento del Cable: PVC de Media Flexibilidad, Tensión de aislamiento: 1000V AC / DC, Corriente máxima sobre el conductor: 16A / 30 segundos., Resistencia del cable: <0.06W (cada cable), CONECTOR: 6m'),
(13, 'Estándar de conexión: Banana 4 mm con aislamiento, Revestimiento del Cable: PVC de Media Flexibilidad, Tensión de aislamiento: 1000V AC / DC, Corriente máxima sobre el conductor: 16A / 30 segundos., Resistencia del cable: <0.06W (cada cable), CONECTOR: 6m'),
(14, 'Estándar de conexión: BNC - caiman pequeño, Cable Inyectado de Media Flexibilidad.\r\n• Impedancia: 50 W ± 2.5 W // 115pF, Atenuación: 0.1dB / m @ (30MHz), 0.264dB / m @ (200MHz).\r\n1.482dB / m @ (3GHz), Aislamiento: 10000k W * km, Diámetro Externo del Condu'),
(15, 'Estándar de conexión: BNC - caiman pequeño, Cable Inyectado de Media Flexibilidad.\n• Impedancia: 50 W ± 2.5 W // 115pF, Atenuación: 0.1dB / m @ (30MHz), 0.264dB / m @ (200MHz).\n1.482dB / m @ (3GHz), Aislamiento: 10000k W * km, Diámetro Externo del Conduct'),
(16, 'Estándar de conexión: BNC - caiman pequeño, Cable Inyectado de Media Flexibilidad.\n• Impedancia: 50 W ± 2.5 W // 115pF, Atenuación: 0.1dB / m @ (30MHz), 0.264dB / m @ (200MHz).\n1.482dB / m @ (3GHz), Aislamiento: 10000k W * km, Diámetro Externo del Conduct'),
(17, 'Banda de frecuencia 1: 1 DC ~ 15MHz (± 3 dB), Banda de frecuencia 10: 1 DC ~ 100 MHz (± 3 dB), Impedancia de entrada 1: 1 1MW je // 46pF, Impedancia de entrada 10: 1 10M 15pF, Tensión de entrada máxima 600 V (CC o CA pico) a 10: 1, Seguridad CAT II 600V, '),
(18, 'Banda de frecuencia 1: 1 DC ~ 15MHz (± 3 dB), Banda de frecuencia 10: 1 DC ~ 100 MHz (± 3 dB), Impedancia de entrada 1: 1 1MW je // 46pF, Impedancia de entrada 10: 1 10M 15pF, Tensión de entrada máxima 600 V (CC o CA pico) a 10: 1, Seguridad CAT II 600V, '),
(19, 'Attenuation ratio 100:1; Voltage coefficient 0,0005%/V; System bandwidth 400 MHz; Probe Risetime 900 ps; Maximun rated Input voltage Cat I 1000 V rms, 4000 V transient overvoltage, Cat II 1000 V rms; Pollution Degree 2.'),
(20, 'Estándar de conexión: BNC - caiman pequeño, Cable Inyectado de Media Flexibilidad.\n• Impedancia: 50 W ± 2.5 W // 115pF, Atenuación: 0.1dB / m @ (30MHz), 0.264dB / m @ (200MHz).\n1.482dB / m @ (3GHz), Aislamiento: 10000k W * km, Diámetro Externo del Conduct'),
(21, 'Estándar de conexión: BNC - caiman pequeño, Cable Inyectado de Media Flexibilidad.\n• Impedancia: 50 W ± 2.5 W // 115pF, Atenuación: 0.1dB / m @ (30MHz), 0.264dB / m @ (200MHz).\n1.482dB / m @ (3GHz), Aislamiento: 10000k W * km, Diámetro Externo del Conduct'),
(22, 'Video Beam, NP115, 100-240V, 50/60Hz, 2.6-1.2A, Computer OUT, computer IN, video IN, Audio IN, PC control, Cable de poder, cable VGA.'),
(23, 'Video Beam, NP115, 100-240V, 50/60Hz, 2.7-1.2A, computer IN, video IN, Audio IN, USB(PC), HDMI IN, Cable de poder, cable VGA, Cable HDMI.'),
(24, 'Video Beam, H553A, 100-240V, 50/60Hz, 2.9-1.3A, computer, video IN-S-Video, Audio, USB(A), USB(B), HDMI, Cable de poder, cable VGA, Cable HDMI, control remoto.'),
(25, 'Fuente Analoga, Tensión 0 a 30 VDC, Corriente 0 a 3 A.'),
(26, 'Fuente Digital, Tensión 0 a 30 VDC, Corriente 0 a 3 A.'),
(27, 'Fuente Digital, Tensión 0 a 30 VDC, Corriente 0 a 5 A.'),
(28, 'Fuente Digital, Tensión Canal 1 y 2 de 0 a 30 VDC, Tensión Canal 3 de 0 a 5 VDC, Corriente 0 a 3 A.'),
(29, 'Fuente Digital, Tensión Canal 1 y 2 de 0 a 30 VDC, Tensión Canal 3 de 5 VDC, Corriente 0 a 5 A.'),
(30, 'Fuente Digital, Tensión Canal 1 y 2 de 0 a 32 VDC, Tensión Canal 3 de 2,5 - 3,3 - 5 VDC, Corriente 0 a 3,2 A.'),
(31, 'Fuente Digital, Tensión 0 a 30 VDC, Corriente 0 a 2 A.'),
(32, 'Osciloscopio digital, ancho de banda 100Mhz, tasa de muestreo 1GS/s, 2 canales, puerto RS-232'),
(33, 'Osciloscopio digital, ancho de banda 100Mhz, tasa de muestreo 1GS/s, 2 canales.'),
(34, 'Osciloscopio digital, ancho de banda 60Mhz, tasa de muestreo 1GS/s, 2 canales, puerto RS-232'),
(35, 'Osciloscopio digital, ancho de banda 60Mhz, tasa de muestreo 1GS/s, 2 canales.'),
(36, 'Osciloscopio digital, ancho de banda 100Mhz, tasa de muestreo 2GS/s, 2 canales, puerto USB'),
(37, 'Osciloscopio digital, ancho de banda 40Mhz, tasa de muestreo 500MS/s, 2 canales, puerto USB'),
(38, 'Osciloscopio digital, ancho de banda 35Mhz, tasa de muestreo 0.2 s/cm, 0,1 us/cm, 2 canales.'),
(39, 'Osciloscopio digital, ancho de banda 60Mhz, tasa de muestreo 20MS/s, 2 canales.'),
(40, 'Osciloscopio digital, ancho de banda 20Mhz, tasa de muestreo 0,2 s/cm-0,2us/cm ,2 canales.'),
(41, 'Osciloscopio digital, ancho de banda 20Mhz, tasa de muestreo 0.3 s/cm, 0,1 us/cm, 2 canales.'),
(42, 'Osciloscopio digital, ancho de banda 100Mhz, tasa de muestreo 1GSa/s, 2+16 canales, puerto USB'),
(43, 'Osciloscopio digital, ancho de banda 100Mhz, tasa de muestreo 2GSa/s, 3 canales, puerto USB'),
(44, 'Osciloscopio digital, ancho de banda 100Mhz, tasa de muestreo 1GSa/s, 3 canales, puerto USB'),
(45, 'Kit Analizador logico, Modulo, +18 cables, +10 puntas, + cable data'),
(46, 'Generador de Señales, Ancho de banda 60 Mhz, Tasa de Muestreo 500 Msa/s, 2 canales, puerto USB'),
(47, 'Generador de Señales/pulsos, Ancho de banda 20 Mhz, Tasa de Muestreo 20 MS/s, 1 canal.'),
(48, 'Generador de Señales, Ancho de banda 10 Mhz, Tasa de Muestreo 10 M/s, 1 canal.'),
(49, 'Generador de Señales, Ancho de banda 2 Mhz, Tasa de Muestreo 2 M/s, 1 canal.'),
(50, 'Generador de Señales, Ancho de banda 3 Mhz, Tasa de Muestreo 3 M/s, 1 canal.'),
(51, 'Generador de Señales, Ancho de banda 20 Mhz, Tasa de Muestreo 20 Ms/s, 2 canales, puerto LAN-USB.'),
(52, 'Generador de Señales, Ancho de banda 20 Mhz, Tasa de Muestreo 100 MSa/s, 2 canales.'),
(53, 'Generador de Señales, Ancho de banda 30 Mhz, Tasa de Muestreo 150 MSa/s, 2 canales, puerto USB.'),
(54, 'Generador de Señales, Ancho de banda 60 Mhz, Tasa de Muestreo 300 MSa/s, 2 canales.'),
(55, 'Generador de Señales, Ancho de banda 10 Mhz, Tasa de Muestreo 10 Ms/s, 1 canal, puerto serial.'),
(56, 'Generador de Señales, Ancho de banda 2 Mhz, Tasa de Muestreo 20 Ms/s, 1 canal.'),
(57, 'Generador de Señales, Ancho de banda 25 Mhz, Tasa de Muestreo 125 MSa/s, 2 canales.'),
(58, 'Fuente Digital, Tensión Canal 1 y 2 de 0 a 30 VDC, Tensión Canal 3 de 5 VDC, Corriente 0 a 5 A - Osciloscopio digital, ancho de banda 60Mhz, tasa de muestreo 1GS/s, 3 canales - Generador de Señales, Ancho de banda 25 Mhz, Tasa de Muestreo 125 MSa/s, 2 can'),
(59, 'Fuente Digital, Tensión Canal 1 y 2 de 0 a 30 VDC, Tensión Canal 3 de 5 VDC, Corriente 0 a 5 A - Osciloscopio digital, ancho de banda 60Mhz, tasa de muestreo 1GS/s, 3 canales - Generador de Señales, Ancho de banda 25 Mhz, Tasa de Muestreo 125 MSa/s, 2 can'),
(60, 'Fuente Digital, Tensión Canal 1 y 2 de 0 a 30 VDC, Tensión Canal 3 de 5 VDC, Corriente 0 a 5 A - Osciloscopio digital, ancho de banda 60Mhz, tasa de muestreo 1GS/s, 3 canales - Generador de Señales, Ancho de banda 25 Mhz, Tasa de Muestreo 125 MSa/s, 2 can'),
(61, 'Fuente Digital, Tensión Canal 1 y 2 de 0 a 30 VDC, Tensión Canal 3 de 5 VDC, Corriente 0 a 5 A - Osciloscopio digital, ancho de banda 60Mhz, tasa de muestreo 1GS/s, 3 canales - Generador de Señales, Ancho de banda 25 Mhz, Tasa de Muestreo 125 MSa/s, 2 can'),
(62, 'Fuente Digital, Tensión Canal 1 y 2 de 0 a 30 VDC, Tensión Canal 3 de 5 VDC, Corriente 0 a 5 A - Osciloscopio digital, ancho de banda 60Mhz, tasa de muestreo 1GS/s, 3 canales - Generador de Señales, Ancho de banda 25 Mhz, Tasa de Muestreo 125 MSa/s, 2 can'),
(63, 'Fuente Digital, Tensión Canal 1 y 2 de 0 a 30 VDC, Tensión Canal 3 de 5 VDC, Corriente 0 a 5 A - Osciloscopio digital, ancho de banda 60Mhz, tasa de muestreo 1GS/s, 3 canales - Generador de Señales, Ancho de banda 25 Mhz, Tasa de Muestreo 125 MSa/s, 2 can'),
(64, 'Fuente Digital, Tensión Canal 1 y 2 de 0 a 30 VDC, Tensión Canal 3 de 5 VDC, Corriente 0 a 5 A - Osciloscopio digital, ancho de banda 60Mhz, tasa de muestreo 1GS/s, 3 canales - Generador de Señales, Ancho de banda 25 Mhz, Tasa de Muestreo 125 MSa/s, 2 can'),
(65, 'Fuente Digital, Tensión Canal 1 y 2 de 0 a 30 VDC, Tensión Canal 3 de 5 VDC, Corriente 0 a 5 A - Osciloscopio digital, ancho de banda 60Mhz, tasa de muestreo 1GS/s, 3 canales - Generador de Señales, Ancho de banda 25 Mhz, Tasa de Muestreo 125 MSa/s, 2 can'),
(66, 'Fuente Digital, Tensión Canal 1 y 2 de 0 a 30 VDC, Tensión Canal 3 de 5 VDC, Corriente 0 a 5 A - Osciloscopio digital, ancho de banda 60Mhz, tasa de muestreo 1GS/s, 3 canales - Generador de Señales, Ancho de banda 25 Mhz, Tasa de Muestreo 125 MSa/s, 2 can'),
(67, 'Fuente Digital, Tensión Canal 1 y 2 de 0 a 30 VDC, Tensión Canal 3 de 5 VDC, Corriente 0 a 5 A - Osciloscopio digital, ancho de banda 60Mhz, tasa de muestreo 1GS/s, 3 canales - Generador de Señales, Ancho de banda 25 Mhz, Tasa de Muestreo 125 MSa/s, 2 can'),
(68, 'Fuente Digital, Tensión Canal 1 y 2 de 0 a 30 VDC, Tensión Canal 3 de 5 VDC, Corriente 0 a 5 A - Osciloscopio digital, ancho de banda 60Mhz, tasa de muestreo 1GS/s, 3 canales - Generador de Señales, Ancho de banda 25 Mhz, Tasa de Muestreo 125 MSa/s, 2 can'),
(69, 'Fuente Digital, Tensión Canal 1 y 2 de 0 a 30 VDC, Tensión Canal 3 de 5 VDC, Corriente 0 a 5 A - Osciloscopio digital, ancho de banda 60Mhz, tasa de muestreo 1GS/s, 3 canales - Generador de Señales, Ancho de banda 25 Mhz, Tasa de Muestreo 125 MSa/s, 2 can'),
(70, 'Fuente Digital, Tensión Canal 1 y 2 de 0 a 30 VDC, Tensión Canal 3 de 5 VDC, Corriente 0 a 5 A - Osciloscopio digital, ancho de banda 60Mhz, tasa de muestreo 1GS/s, 3 canales - Generador de Señales, Ancho de banda 25 Mhz, Tasa de Muestreo 125 MSa/s, 2 can'),
(71, 'Fuente Digital, Tensión Canal 1 y 2 de 0 a 30 VDC, Tensión Canal 3 de 5 VDC, Corriente 0 a 5 A - Osciloscopio digital, ancho de banda 60Mhz, tasa de muestreo 1GS/s, 3 canales - Generador de Señales, Ancho de banda 25 Mhz, Tasa de Muestreo 125 MSa/s, 2 can'),
(72, 'Fuente Digital, Tensión Canal 1 y 2 de 0 a 30 VDC, Tensión Canal 3 de 5 VDC, Corriente 0 a 5 A - Osciloscopio digital, ancho de banda 60Mhz, tasa de muestreo 1GS/s, 3 canales - Generador de Señales, Ancho de banda 25 Mhz, Tasa de Muestreo 125 MSa/s, 2 can'),
(73, 'Fuente Digital, Tensión Canal 1 y 2 de 0 a 30 VDC, Tensión Canal 3 de 5 VDC, Corriente 0 a 5 A - Osciloscopio digital, ancho de banda 60Mhz, tasa de muestreo 1GS/s, 3 canales - Generador de Señales, Ancho de banda 25 Mhz, Tasa de Muestreo 125 MSa/s, 2 can'),
(74, 'Fuente Digital, Tensión Canal 1 y 2 de 0 a 30 VDC, Tensión Canal 3 de 5 VDC, Corriente 0 a 5 A - Osciloscopio digital, ancho de banda 60Mhz, tasa de muestreo 1GS/s, 3 canales - Generador de Señales, Ancho de banda 25 Mhz, Tasa de Muestreo 125 MSa/s, 2 can'),
(75, 'Fuente Digital, Tensión Canal 1 y 2 de 0 a 30 VDC, Tensión Canal 3 de 5 VDC, Corriente 0 a 5 A - Osciloscopio digital, ancho de banda 60Mhz, tasa de muestreo 1GS/s, 3 canales - Generador de Señales, Ancho de banda 25 Mhz, Tasa de Muestreo 125 MSa/s, 2 can'),
(76, 'Fuente Digital, Tensión Canal 1 y 2 de 0 a 30 VDC, Tensión Canal 3 de 5 VDC, Corriente 0 a 5 A - Osciloscopio digital, ancho de banda 60Mhz, tasa de muestreo 1GS/s, 3 canales - Generador de Señales, Ancho de banda 25 Mhz, Tasa de Muestreo 125 MSa/s, 2 can'),
(77, 'Fuente Digital, Tensión Canal 1 y 2 de 0 a 30 VDC, Tensión Canal 3 de 5 VDC, Corriente 0 a 5 A - Osciloscopio digital, ancho de banda 60Mhz, tasa de muestreo 1GS/s, 3 canales - Generador de Señales, Ancho de banda 25 Mhz, Tasa de Muestreo 125 MSa/s, 2 can'),
(78, 'Fuente Digital, Tensión Canal 1 y 2 de 0 a 30 VDC, Tensión Canal 3 de 5 VDC, Corriente 0 a 5 A - Osciloscopio digital, ancho de banda 60Mhz, tasa de muestreo 1GS/s, 3 canales - Generador de Señales, Ancho de banda 25 Mhz, Tasa de Muestreo 125 MSa/s, 2 can'),
(79, 'Fuente Digital, Tensión Canal 1 y 2 de 0 a 30 VDC, Tensión Canal 3 de 5 VDC, Corriente 0 a 5 A - Osciloscopio digital, ancho de banda 60Mhz, tasa de muestreo 1GS/s, 3 canales - Generador de Señales, Ancho de banda 25 Mhz, Tasa de Muestreo 125 MSa/s, 2 can'),
(80, 'Fuente Digital, Tensión Canal 1 y 2 de 0 a 30 VDC, Tensión Canal 3 de 5 VDC, Corriente 0 a 5 A - Osciloscopio digital, ancho de banda 60Mhz, tasa de muestreo 1GS/s, 3 canales - Generador de Señales, Ancho de banda 25 Mhz, Tasa de Muestreo 125 MSa/s, 2 can'),
(81, 'Fuente Digital, Tensión Canal 1 y 2 de 0 a 30 VDC, Tensión Canal 3 de 5 VDC, Corriente 0 a 5 A - Osciloscopio digital, ancho de banda 60Mhz, tasa de muestreo 1GS/s, 3 canales - Generador de Señales, Ancho de banda 25 Mhz, Tasa de Muestreo 125 MSa/s, 2 can'),
(82, 'Fuente Digital, Tensión Canal 1 y 2 de 0 a 30 VDC, Tensión Canal 3 de 5 VDC, Corriente 0 a 5 A - Osciloscopio digital, ancho de banda 60Mhz, tasa de muestreo 1GS/s, 3 canales - Generador de Señales, Ancho de banda 25 Mhz, Tasa de Muestreo 125 MSa/s, 2 can'),
(83, 'Fuente Digital, Tensión Canal 1 y 2 de 0 a 30 VDC, Tensión Canal 3 de 5 VDC, Corriente 0 a 5 A - Osciloscopio digital, ancho de banda 60Mhz, tasa de muestreo 1GS/s, 3 canales - Generador de Señales, Ancho de banda 25 Mhz, Tasa de Muestreo 125 MSa/s, 2 can'),
(84, 'Fuente Digital, Tensión Canal 1 y 2 de 0 a 30 VDC, Tensión Canal 3 de 5 VDC, Corriente 0 a 5 A - Osciloscopio digital, ancho de banda 60Mhz, tasa de muestreo 1GS/s, 3 canales - Generador de Señales, Ancho de banda 25 Mhz, Tasa de Muestreo 125 MSa/s, 2 can'),
(85, 'Fuente Digital, Tensión Canal 1 y 2 de 0 a 30 VDC, Tensión Canal 3 de 5 VDC, Corriente 0 a 5 A - Osciloscopio digital, ancho de banda 60Mhz, tasa de muestreo 1GS/s, 3 canales - Generador de Señales, Ancho de banda 25 Mhz, Tasa de Muestreo 125 MSa/s, 2 can'),
(86, 'Fuente Digital, Tensión Canal 1 y 2 de 0 a 30 VDC, Tensión Canal 3 de 5 VDC, Corriente 0 a 5 A - Osciloscopio digital, ancho de banda 60Mhz, tasa de muestreo 1GS/s, 3 canales - Generador de Señales, Ancho de banda 25 Mhz, Tasa de Muestreo 125 MSa/s, 2 can'),
(87, 'Fuente Digital, Tensión Canal 1 y 2 de 0 a 30 VDC, Tensión Canal 3 de 5 VDC, Corriente 0 a 5 A - Osciloscopio digital, ancho de banda 60Mhz, tasa de muestreo 1GS/s, 3 canales - Generador de Señales, Ancho de banda 25 Mhz, Tasa de Muestreo 125 MSa/s, 2 can'),
(88, 'Fuente Digital, Tensión Canal 1 y 2 de 0 a 30 VDC, Tensión Canal 3 de 5 VDC, Corriente 0 a 5 A - Osciloscopio digital, ancho de banda 60Mhz, tasa de muestreo 1GS/s, 3 canales - Generador de Señales, Ancho de banda 25 Mhz, Tasa de Muestreo 125 MSa/s, 2 can'),
(89, 'Fuente Digital, Tensión Canal 1 y 2 de 0 a 30 VDC, Tensión Canal 3 de 5 VDC, Corriente 0 a 5 A - Osciloscopio digital, ancho de banda 60Mhz, tasa de muestreo 1GS/s, 3 canales - Generador de Señales, Ancho de banda 25 Mhz, Tasa de Muestreo 125 MSa/s, 2 can'),
(90, 'Fuente Digital, Tensión Canal 1 y 2 de 0 a 30 VDC, Tensión Canal 3 de 5 VDC, Corriente 0 a 5 A - Osciloscopio digital, ancho de banda 60Mhz, tasa de muestreo 1GS/s, 3 canales - Generador de Señales, Ancho de banda 25 Mhz, Tasa de Muestreo 125 MSa/s, 2 can'),
(91, 'Fuente Digital, Tensión Canal 1 y 2 de 0 a 30 VDC, Tensión Canal 3 de 5 VDC, Corriente 0 a 5 A - Osciloscopio digital, ancho de banda 60Mhz, tasa de muestreo 1GS/s, 3 canales - Generador de Señales, Ancho de banda 25 Mhz, Tasa de Muestreo 125 MSa/s, 2 can'),
(92, 'Fuente Digital, Tensión Canal 1 y 2 de 0 a 30 VDC, Tensión Canal 3 de 5 VDC, Corriente 0 a 5 A - Osciloscopio digital, ancho de banda 60Mhz, tasa de muestreo 1GS/s, 3 canales - Generador de Señales, Ancho de banda 25 Mhz, Tasa de Muestreo 125 MSa/s, 2 can'),
(93, 'Fuente Digital, Tensión Canal 1 y 2 de 0 a 30 VDC, Tensión Canal 3 de 5 VDC, Corriente 0 a 5 A - Osciloscopio digital, ancho de banda 60Mhz, tasa de muestreo 1GS/s, 3 canales - Generador de Señales, Ancho de banda 25 Mhz, Tasa de Muestreo 125 MSa/s, 2 can'),
(94, 'Fuente Digital, Tensión Canal 1 y 2 de 0 a 30 VDC, Tensión Canal 3 de 5 VDC, Corriente 0 a 5 A - Osciloscopio digital, ancho de banda 60Mhz, tasa de muestreo 1GS/s, 3 canales - Generador de Señales, Ancho de banda 25 Mhz, Tasa de Muestreo 125 MSa/s, 2 can'),
(95, 'Fuente Digital, Tensión Canal 1 y 2 de 0 a 30 VDC, Tensión Canal 3 de 5 VDC, Corriente 0 a 5 A - Osciloscopio digital, ancho de banda 60Mhz, tasa de muestreo 1GS/s, 3 canales - Generador de Señales, Ancho de banda 25 Mhz, Tasa de Muestreo 125 MSa/s, 2 can'),
(96, 'Fuente Digital, Tensión Canal 1 y 2 de 0 a 30 VDC, Tensión Canal 3 de 5 VDC, Corriente 0 a 5 A - Osciloscopio digital, ancho de banda 60Mhz, tasa de muestreo 1GS/s, 3 canales - Generador de Señales, Ancho de banda 25 Mhz, Tasa de Muestreo 125 MSa/s, 2 can'),
(97, 'Fuente Digital, Tensión Canal 1 y 2 de 0 a 30 VDC, Tensión Canal 3 de 5 VDC, Corriente 0 a 5 A - Osciloscopio digital, ancho de banda 60Mhz, tasa de muestreo 1GS/s, 3 canales - Generador de Señales, Ancho de banda 25 Mhz, Tasa de Muestreo 125 MSa/s, 2 can'),
(98, 'Fuente Digital, Tensión Canal 1 y 2 de 0 a 30 VDC, Tensión Canal 3 de 5 VDC, Corriente 0 a 5 A - Osciloscopio digital, ancho de banda 60Mhz, tasa de muestreo 1GS/s, 3 canales - Generador de Señales, Ancho de banda 25 Mhz, Tasa de Muestreo 125 MSa/s, 2 can'),
(99, 'Fuente Digital, Tensión Canal 1 y 2 de 0 a 30 VDC, Tensión Canal 3 de 5 VDC, Corriente 0 a 5 A - Osciloscopio digital, ancho de banda 60Mhz, tasa de muestreo 1GS/s, 3 canales - Generador de Señales, Ancho de banda 25 Mhz, Tasa de Muestreo 125 MSa/s, 2 can'),
(100, 'Fuente Digital, Tensión Canal 1 y 2 de 0 a 30 VDC, Tensión Canal 3 de 5 VDC, Corriente 0 a 5 A - Osciloscopio digital, ancho de banda 60Mhz, tasa de muestreo 1GS/s, 3 canales - Generador de Señales, Ancho de banda 25 Mhz, Tasa de Muestreo 125 MSa/s, 2 can'),
(101, 'Fuente Digital, Tensión Canal 1 y 2 de 0 a 30 VDC, Tensión Canal 3 de 5 VDC, Corriente 0 a 5 A - Osciloscopio digital, ancho de banda 60Mhz, tasa de muestreo 1GS/s, 3 canales - Generador de Señales, Ancho de banda 25 Mhz, Tasa de Muestreo 125 MSa/s, 2 can'),
(102, 'Fuente Digital, Tensión Canal 1 y 2 de 0 a 30 VDC, Tensión Canal 3 de 5 VDC, Corriente 0 a 5 A - Osciloscopio digital, ancho de banda 60Mhz, tasa de muestreo 1GS/s, 3 canales - Generador de Señales, Ancho de banda 25 Mhz, Tasa de Muestreo 125 MSa/s, 2 can'),
(103, 'Fuente Digital, Tensión Canal 1 y 2 de 0 a 30 VDC, Tensión Canal 3 de 5 VDC, Corriente 0 a 5 A - Osciloscopio digital, ancho de banda 60Mhz, tasa de muestreo 1GS/s, 3 canales - Generador de Señales, Ancho de banda 25 Mhz, Tasa de Muestreo 125 MSa/s, 2 can'),
(104, 'Analizador de potencia, Monofasico, 600 VAC, 10 A.'),
(105, 'Analizador de redes'),
(106, 'Analizador de potencia, Trifasico'),
(107, 'Reostato monofásico, 0 a 1,2 ohm, 16 A.'),
(108, 'Reostato monofásico, 0 a 1,4 ohm, 18 A.'),
(109, 'Reostato monofásico, 0 a 2,9 ohm, 12,3 A.'),
(110, 'Reostato monofásico, 0 a 3,3 ohm, 10 A.'),
(111, 'Reostato monofásico, 0 a 4,8 ohm, 12 A.'),
(112, 'Reostato monofásico, 0 a 5,6 ohm, 8,7 A.'),
(113, 'Reostato monofásico, 0 a 15 ohm, 5 A.'),
(114, 'Reostato monofásico, 0 a 16 ohm, 4,4 A.'),
(115, 'Reostato monofásico, 0 a 20 ohm, 4,4 A.'),
(116, 'Reostato monofásico, 0 a 21 ohm, 4,4 A.'),
(117, 'Reostato monofásico, 0 a 22 ohm, 4,4 A.'),
(118, 'Reostato monofásico, 0 a 84 ohm, 2 A.'),
(119, 'Reostato monofásico, 0 a 41 ohm, 3,1 A.'),
(120, 'Reostato monofásico, 0 a 43 ohm, 3,1 A.'),
(121, 'Reostato monofásico, 0 a 42 ohm, 5 A.'),
(122, 'Reostato monofásico, 0 a 44 ohm, 3,1 A.'),
(123, 'Reostato monofásico, 0 a 58 ohm, 2,5 A.'),
(124, 'Reostato monofásico, 0 a 56 ohm, 2,5 A.'),
(125, 'Reostato monofásico, 0 a 75 ohm, 2,2 A.'),
(126, 'Reostato monofásico, 0 a 86 ohm, 2,5 A.'),
(127, 'Reostato monofásico, 0 a 89 ohm, 2,2 A.'),
(128, 'Reostato monofásico, 0 a 110 ohm, 2,5 A.'),
(129, 'Reostato monofásico, 0 a 131 ohm, 1,3 A.'),
(130, 'Reostato monofásico, 0 a 124 ohm, 1,3 A.'),
(131, 'Reostato monofásico, 0 a 125 ohm, 1,3 A.'),
(132, 'Reostato monofásico, 0 a 126 ohm, 1,3 A.'),
(133, 'Reostato monofásico, 0 a 330 ohm, 1 A.'),
(134, 'Reostato monofásico, 0 a 7250 ohm, 0,18 A.'),
(135, 'Reostato monofásico, 0 a 400 ohm, 0,8 A.'),
(136, 'Reostato monofásico, 0 a 460 ohm, 0,8 A.'),
(137, 'Reostato monofásico, 0 a 460 ohm, 0.8 A.'),
(138, 'Reostato monofásico, 0 a 715 ohm, 0,77 A.'),
(139, 'Reostato trifasico, 0 a 418 ohm, 12 A'),
(140, 'Multimetro digital, NO True RMS, 2 canales, portatil, Tensión AC-DC-mVDC, resistencia, diodos, continuidad.'),
(141, 'Multimetro digital, NO True RMS, 2 canales, portatil, Tensión AC-DC-mVDC, resistencia, diodos,Corriente AC-DC..'),
(142, 'Multimetro digital, NO True RMS, 3 canales, portatil, Tensión AC-DC-mVDC, resistencia,continuidad, diodos,Corriente AC-DC..'),
(143, 'Multimetro digital, NO True RMS, 3 canales, portatil, Tensión AC-DC-mVDC, resistencia, diodos,Corriente AC-DC..'),
(144, 'Multimetro digital, NO True RMS, 4 canales, portatil, Tensión AC-DC-mVDC, resistencia,continuidad, diodos,Corriente AC-DC..'),
(145, 'Multimetro digital, NO True RMS, 4 canales, portatil, Tensión AC-DC-mVDC,frecuencia,capacitancia resistencia,continuidad, diodos,Corriente AC-DC..'),
(146, 'Multimetro digital, NO True RMS, 42 canales, portatil, Tensión AC-DC-mVDC,frecuencia,capacitancia resistencia,continuidad, diodos,Corriente AC-DC..'),
(147, 'Multimetro digital,True RMS, 4 canales, portatil, Tensión AC-DC-mVDC,delta,frecuencia,capacitancia resistencia,continuidad, diodos,Corriente AC-DC/uA, MAX-MIN.'),
(148, 'Multimetro digital, True RMS, 2 canales, portatil, Tensión AC-DC-mVDC,frecuencia,capacitancia resistencia,continuidad, diodos,Corriente AC-DC..'),
(149, 'Multimetro digital, True RMS, 4 canales, portatil, Tensión AC-DC-mVDC,frecuencia,capacitancia resistencia,continuidad, diodos,Corriente AC-DC..'),
(150, 'Multimetro digital, True RMS, 4 canales, portatil, Tensión AC-DC-mVDC,frecuencia,temperatira,capacitancia resistencia,continuidad, diodos,Corriente AC-DC..'),
(151, 'Multimetro digital, NO True RMS, 2 canales, portatil, Tensión AC-DC,capacitancia resistencia,continuidad, ,Corriente AC-DC.MAX-MIN.'),
(152, 'Multimetro digital, NO True RMS, 4 canales, portatil, Tensión AC-DC-mVDC, resistencia,siemmens,continuidad, diodos,Corriente AC-DC/uA.'),
(153, 'Multimetro digital, NO True RMS, 4 canales, portatil, Tensión AC-DC-mVDC, resistencia, diodos,HFE beta(NPN-PNP),Corriente AC-DC.'),
(154, 'Multimetro digital, True RMS, 3 canales, portatil, Tensión AC-DC,frecuencia,capacitancia resistencia,continuidad, diodos,Corriente AC-DC..'),
(155, 'Multimetro digital, NO True RMS, 4 canales, portatil, Tensión AC-DC-mVDC, resistencia,siemmens,continuidad, diodos,Corriente AC-DC.'),
(156, 'High speed USB2 port, Platform flash, clock 50 Mhz, Flash 16 Mbyte, SDRAM 16 Mbyte, I/o Device, PS/2, VGA, RS232, Pmod (x4), Hi-speed.'),
(157, 'High-speed expansión, Basic I/o led´s, buttons, switches, clock 100Mhz, 10-100 Ethernet PHY, USB-UART, USB Host, SPI PCM(x4), Parallel PCM, Cellular RAM, Adep USB2, Pmod port,8-bits VGA.'),
(158, '100Mhz, Config mode, Config/User ROM, 16Mbyte cellular RAM, 4 Pmods, XADC Pmod, GPIO, VGA, Temp sensor, 3-axis accelerometer, Mono audio amp for PWM audio, PDM MIC, 10/100 Ethernet, USB HID TYPE A, Micro-SD card, JTAG and TYPE micro-B'),
(159, 'Artix-7,100Mhz, Config mode, Config/User ROM, 16Mbyte cellular RAM, 4 Pmods, XADC Pmod, GPIO, VGA, Temp sensor, 3-axis accelerometer, Mono audio amp for PWM audio, PDM MIC, 10/100 Ethernet, USB HID TYPE A, Micro-SD card, JTAG and TYPE micro-B'),
(160, 'Xilinx XC7Z010-1CLG400C, 1GB DDR3L memory and 16 MN flash, 10/100/1000 Ethernet PHY, YSB OTG2.0 PHY, Audio codec with headphone, mic & line jacs, Dedicated HDMI in HDMI out, Micro SD card slot, MIPI CSI-2 compatible Pcam connetor, On-board JTAG programmin'),
(161, 'Xilinx XC7Z010-1CLG400C, 1GB DDR3L memory and 16 MN flash, 10/100/1000 Ethernet PHY, YSB OTG2.0 PHY, Audio codec with headphone, mic & line jacs, Dedicated HDMI in HDMI out, Micro SD card slot, MIPI CSI-2 compatible Pcam connetor, On-board JTAG programmin'),
(162, 'Xilinx XC7Z010-1CLG400C, 1GB DDR3L memory and 16 MN flash, 10/100/1000 Ethernet PHY, YSB OTG2.0 PHY, Audio codec with headphone, mic & line jacs, Dedicated HDMI in HDMI out, Micro SD card slot, MIPI CSI-2 compatible Pcam connetor, On-board JTAG programmin'),
(163, 'Xilinx XC7Z010-1CLG400C, 1GB DDR3L memory and 16 MN flash, 10/100/1000 Ethernet PHY, YSB OTG2.0 PHY, Audio codec with headphone, mic & line jacs, Dedicated HDMI in HDMI out, Micro SD card slot, MIPI CSI-2 compatible Pcam connetor, On-board JTAG programmin'),
(164, 'Xilinx XC7Z010-1CLG400C, 1GB DDR3L memory and 16 MN flash, 10/100/1000 Ethernet PHY, YSB OTG2.0 PHY, Audio codec with headphone, mic & line jacs, Dedicated HDMI in HDMI out, Micro SD card slot, MIPI CSI-2 compatible Pcam connetor, On-board JTAG programmin'),
(165, 'Xilinx XC7Z010-1CLG400C, 1GB DDR3L memory and 16 MN flash, 10/100/1000 Ethernet PHY, YSB OTG2.0 PHY, Audio codec with headphone, mic & line jacs, Dedicated HDMI in HDMI out, Micro SD card slot, MIPI CSI-2 compatible Pcam connetor, On-board JTAG programmin'),
(166, 'Xilinx XC7Z010-1CLG400C, 1GB DDR3L memory and 16 MN flash, 10/100/1000 Ethernet PHY, YSB OTG2.0 PHY, Audio codec with headphone, mic & line jacs, Dedicated HDMI in HDMI out, Micro SD card slot, MIPI CSI-2 compatible Pcam connetor, On-board JTAG programmin'),
(167, 'Dispositivo USB de E/S Multifunción, 8 AI (14 Bits, 48 kS/s), 2 AO (150 Hz), 13 DIO'),
(168, 'Spartan 6-USB,Slots In/out, SD-card'),
(169, 'Tacómetro de tipo foto-contacto con láser, de 5 dígitos'),
(170, 'Pinza Vatimetro, 0 a 600 V / 0 a 600 A, 2 Canales'),
(171, 'Pinza Vatimetro, 100mV/A x 200A - 100mV/A x 20A- 600V, CAT III, 200 A AC,'),
(172, 'Pinza Vatimetro, Input: 400A max - Output: 1mA/A - 600V max - CAT.III'),
(173, 'Pinza Vatimetro, Input: 1000A max - Output: 1mA/A(x1) - 10mA/A(x10) - 100mA/A(x100) - 600V max - CAT.III'),
(174, 'Pinza Vatimetro, true RMS, 1000A a 750VAC, 4 Canales'),
(175, 'Pinza Amperimetrica, true RMS, 600A a.c, 600 d.c., 1000VAC, 1500VDC, 1000Hz, 600kΩ, 1000uF, -40 a 400°C, 3400 kVA.'),
(176, 'Sonda Infrarroja 0 a 500°F / -18 a 260°C'),
(177, 'Termopar Tipo K, 0 a 500°F / -18 a 260°C'),
(178, 'Termometro + 1 Termocupla Tipo K, 0 a 500°F / -18 a 260°C'),
(179, 'Termometro + 2 Termocupla Tipo K, 0 a 500°F / -18 a 260°C'),
(180, 'Luxometro, 0 a 300 LUX, 2 Canales'),
(181, 'Luxometro, 0 a 20000 LUX/fc'),
(182, 'Luxometro data loger, Auto rango, USB'),
(183, 'Decada de Inductancias, 1 uH/300 mA a 10 H/40mA, 2 Canales'),
(184, 'Decada de Inductancias, 0,1 nF a 10 uF, 2 Canales'),
(185, 'Vatimetro de conexión a fase, 7 Canales, 0 A 120 W, 2.5 A, 5 A,'),
(186, 'Vatimetro de conexión a fase, 7 Canales, 0 A 150 W, 2.5 A, 5 A, COS FI 0,2.'),
(187, 'Vatimetro de conexión a fase, 7 Canales, 0 A 150 W, 2.5 A, 5 A,'),
(188, 'Vatimetro de conexión TRIFASICO, 0 a 120W, 600V, CAT III, 5A.'),
(189, 'Analizador de Espectros, 0,15 Mhz - 1050Mhz, 2 Canales.'),
(190, 'Analizador de Espectros, 150 KHz - 1GHz, 2 Canales.'),
(191, 'Analizador de Espectros, 9 KHz- 3.2 GHz, 5 Canales.'),
(192, 'Kit, 1=N-SMA adapter, 1=75Ω-50Ω adapter, 1=BNC-BNC cable, 1=N-BNC adapter, 1=N-SMA cable, 2=Antena 2400F, 2=Antena 900F, 1=foam, 1=Instruction sheet, 1=Probe Package.'),
(193, 'Contador Programable, 1 Hz - 1 GHz, 3 Canales'),
(194, 'Sintetizador Programable, 1 Hz - 1200MHz, 2 Canales.'),
(195, 'Trazador de Curvas, Transistores, MOS-FET´s, diodos, Diodos Z, led´s, tiristores, 200 mA, 40 V, 4 W.'),
(196, 'Contador de energía monofásico, 120V, 15(60)A, 750 rev/kWh, 60Hz.'),
(197, 'Contador de energía monofásico, 3X120, 208V, 20(80)A, 96 rev/kWh, 60Hz.'),
(198, 'Contador de energía monofásico, 3X120, 208V, 20(80)A, 1200 rev/kWh, 60Hz.'),
(199, 'Transformador Variable individual Fase Variac, Input 240 V - Output 0/240/280 V - 3.5 A - 0,98 KVA.'),
(200, 'Transformador Variable individual Fase Variac, Input 110 V - Output 0/110 V - 3.0 A'),
(201, 'Transformador Variable individual Fase Variac, Input 110 V - Output 0/110 V - 4.0 A'),
(202, 'Bobina de Baja Tensión, Numero de Vueltas 250, Máxima corriente continua 5 A, Resistencia elétrica 0.6 ohm, Inductacia 0.0022 H.'),
(203, 'Bobina de Baja Tensión, Numero de Vueltas 1000, Máxima corriente continua 1.25 A, Resistencia elétrica 9.5 ohm.'),
(204, 'Bobina de Baja Tensión, Numero de Vueltas 10000, Máxima corriente continua 0.1 A, Resistencia elétrica 1350 ohm.'),
(205, 'Bobina de Baja Tensión, Numero de Vueltas 46, Máxima corriente continua 10 A, Resistencia elétrica 0.1 ohm.'),
(206, 'Bobina de Baja Tensión, Numero de Vueltas 500, Máxima corriente continua 2.5 A, Resistencia elétrica 2.5 ohm, Inductacia 0.009 H.'),
(207, 'Maquina de corriente continua, EXC.Serie-Compound-Shunt'),
(208, 'Motor Trifasico Anillos Rotor Bobinado'),
(209, 'Motor Monofasico- Rotor Jaula - Condensador permanente'),
(210, 'Motor Trifasico Asincrono de 3 Velocidades'),
(211, 'Motor Sincrono Alternador - Rueda Polar'),
(212, 'Motor Monofasico - Rotor Jaula - Condensador permanente'),
(213, 'Moto Bomba, Caudal Maximo 35 l/min, Altura Maxima 35 m, RPM 3450, Tensión 110 V, Potencia 0.5 HP, Frecuencia 60 Hz'),
(214, 'Generador de voltaje a 1000 RPM, maxima velocidad 2000 RPM, Maxima corriente 0.05 A'),
(215, 'Encoder'),
(216, 'Parlante de sonido con plug y cable de poder'),
(217, 'Respuesta en frecuencia: 70 Hz – 16 kHz, Sensibilidad: -45± 3 dB,Cable de 1,2 m de longitud con conector macho (plug) 3,5 mm'),
(218, 'Analizador de antenas y redes de microondas de dos puertos, rango de frecuencia 1Mhz - 3 GHz'),
(219, 'Dispositivo de radio definido por software, rango de frecuencia: 70Mhz - 6 Ghz'),
(220, 'Dispositivo de radio definido por software, rango de frecuencia: 25 MHz - 1750 MHz'),
(221, 'Kit Motor LEGO, CARGADOR, CABLE USB, MOTOR, CABLE PARA ARDUINO+'),
(222, 'Motortool para realizar perforaciones en baquelas, de velocidad regulable, base tipo banco'),
(223, 'RIGOL DG-POD-A Digital Signal Generator Module for DG5000, 16 Channels'),
(224, 'Núcleo ferromagnético laminado para simular un trasnformador monofásico'),
(225, 'Núcleo ferromagnético trifasico laminado para simular un trasnformador monofásico, 3 cargas de 56 ohm, 6 bobinas de 250 Wdg, 3 bobinas de 500 Wdg'),
(226, 'Acople BNC-Banana-Banana, Macho'),
(227, 'Acople BNC-Banana-Banana, Hembra'),
(228, 'Caiman aislado CATII-1000V'),
(229, 'Desacople a tierra (3a2)'),
(230, 'PMOD-Accesorio para axportar datos de la NEXYS'),
(231, 'Atornillador ajuste Sonda Atenuada'),
(232, 'Pinza de medición Puente de Impedancias'),
(233, 'Base porta cautín'),
(234, 's'),
(235, 'd'),
(236, 'c<c<'),
(237, 'prueba'),
(238, 'Multimetro digital con conexión bluetooth y True RMS'),
(239, 'Tarjeta de desarollo Altera Cyclone IV'),
(240, 'Osciloscopio para PC2+1CH 25 Mhz'),
(241, 'Tarjeta de desarrollo Altera Open'),
(242, 'Osciloscopio DSO 20 MS/s - 5 MHz'),
(243, 'Osciloscopio 1 MS/s - 200 KHz'),
(244, 'Vector Network Analyxzer 3G'),
(245, 'Generador de señales ICL8038 - 5 - 400 KHz'),
(246, 'Analizador de espectros 50 KHz - 4 GHz'),
(247, 'TDS1002-AFG1022-6010D'),
(248, '6010D-TDS1002-AFG1022'),
(249, 'Peaktech 6010D -- TDS1002 -- Tektronix AFG1022'),
(250, 'Peaktech 6010D -- TDS1012 -- Rigol DG1023'),
(251, 'KEITHLEY 2231A-30-3  --TEKTRONIX  TBS 1102B-EDU -- DG4062'),
(254, 'GW GPS3030D -- TDS1002 --  BK PRESICION 4040B'),
(255, 'GW GPS3030D --TEKTRONIX  2205 -- PROMAX GF-230'),
(256, 'GW GPS3030D --TEKTRONIX  2205 -- TEKTRONIX AFG1022'),
(257, 'GW GPS3030D -- TDS 1002 --  DG3061A'),
(258, 'GW GPS3030D -- TDS 1002 --  RIGOL DG3061A'),
(259, 'GW GPS3030D -- TDS 1012 --   BK PRESICION 4040B'),
(260, 'GW GPS3030D -- TDS 1002 --   GFG-8215A'),
(261, 'PEAKTECH 6140 -- HITACHI V-252  --   GFG-8215A'),
(262, 'GW GPS3030D -- HITACHI V-252--  BK PRESICION 4040B'),
(263, 'GW GPS3030D -- HAMEG HM303-6--  RIGOL DG1023'),
(264, 'Cable tipo sonda OSC-GEN'),
(265, 'Cable tipo sonda OSC-GEN X2'),
(266, 'Osciloscopio digital');

-- --------------------------------------------------------

--
-- Estructura de tabla para la tabla `equipment`
--

CREATE TABLE `equipment` (
  `equipment_id` int(11) NOT NULL,
  `equipment` varchar(255) DEFAULT NULL
) ENGINE=InnoDB DEFAULT CHARSET=utf8mb4;

--
-- Volcado de datos para la tabla `equipment`
--

INSERT INTO `equipment` (`equipment_id`, `equipment`) VALUES
(2, 'Cable par Banana-Caiman'),
(3, 'Cable par Banana-Caiman Cat II'),
(4, 'Cable Banana-Banana'),
(5, 'Cable'),
(6, 'Sonda Atenuada'),
(7, 'Sonda pasiva'),
(8, 'Cable BNC-BNC'),
(9, 'Video Beam'),
(10, 'Fuente'),
(11, 'Osciloscopio'),
(12, 'Osciloscopio - Generador'),
(13, 'Kit Analizador logico'),
(14, 'Generador de señales'),
(15, 'Fuente-Osciloscopio-Generador'),
(16, 'Analizador de Potencia'),
(17, 'ScopeMeter'),
(18, 'Reostato'),
(19, 'MULTIMETRO'),
(20, 'MULTIMETRO - MEDIDOR DE BETA'),
(21, 'Tarjerta Programable'),
(22, 'Dispositivo de Multifunción'),
(23, 'Tarjeta Programable'),
(24, 'Tacometro'),
(25, 'Pinza Amperimetrica'),
(26, 'Pinza Vatimetro'),
(27, 'Pinza Amperimetrica D.C. / A.C. - Vatimetro'),
(28, 'Sonda Infrarroja'),
(29, 'Termopar'),
(30, 'Termómetro'),
(31, 'Luxometro'),
(32, 'Luxometro data loger'),
(33, 'Decada de Inductancias'),
(34, 'Decada de capacitancias'),
(35, 'Vatimetro de conexión a fase'),
(36, 'Vatimetro de conexión TRIFASICO'),
(37, 'Analizador de Espectros'),
(38, 'KIT DSA'),
(39, 'Contador Programable'),
(40, 'Sintetizador Programable'),
(41, 'Trazador de Curvas'),
(42, 'Contador de energía monofásico'),
(43, 'Contador de energia trifásico'),
(44, 'Transformador tensión - Variac'),
(45, 'Bobina de Baja Tensión'),
(46, 'Motor'),
(47, 'Moto bomba'),
(48, 'Generador'),
(49, 'Encoder'),
(50, 'Parlante de Sonido'),
(51, 'Microfono Estereo'),
(52, 'MiniVNATiny'),
(53, 'Usrp B200mini'),
(54, 'NESDR'),
(55, 'Kit Motor LEGO'),
(56, 'Motortool'),
(57, 'Modulo generador de señal'),
(58, 'Núcleo Ferrromagnético'),
(59, 'Núcleo Ferrromagnético trifasico'),
(60, 'Acople BNC-Banana-Banana'),
(61, 'Caiman aislado'),
(62, 'Desacople a tierra (3a2)'),
(63, 'PMOD'),
(64, 'Atornillador ajuste Sonda Atenuada'),
(65, 'Pinza de medición Puente de Impedancias'),
(66, 'Base porta cautín'),
(67, 's'),
(68, 'sac'),
(69, 'cssd'),
(70, 'prueba'),
(71, 'FPGA'),
(72, 'Osciloscopio DSO'),
(73, 'Osciloscopio DSO 138'),
(74, 'Analizador vectorial'),
(75, 'Analizador de Espectro'),
(77, 'Banco de equipos 102A'),
(78, 'Banco de equipos 202A'),
(79, 'Banco de equipos 202B'),
(80, 'Banco de equipos 104A'),
(83, 'Banco de equipos 104B'),
(84, 'Cable BNC-Caiman caiman X1'),
(85, 'Cable BNC-Caiman caiman X2');

-- --------------------------------------------------------

--
-- Estructura de tabla para la tabla `equipment_codes`
--

CREATE TABLE `equipment_codes` (
  `code_id` int(11) NOT NULL,
  `equipment_id` int(11) NOT NULL
) ENGINE=InnoDB DEFAULT CHARSET=utf8;

--
-- Volcado de datos para la tabla `equipment_codes`
--

INSERT INTO `equipment_codes` (`code_id`, `equipment_id`) VALUES
(2, 2),
(3, 3),
(4, 4),
(5, 5),
(6, 6),
(7, 7),
(8, 8),
(9, 9),
(10, 10),
(11, 11),
(12, 12),
(13, 13),
(14, 14),
(14, 285),
(15, 15),
(15, 286),
(16, 16),
(17, 17),
(18, 18),
(19, 19),
(20, 19),
(21, 19),
(22, 19),
(23, 20),
(24, 21),
(25, 22),
(26, 23),
(27, 24),
(28, 25),
(29, 25),
(30, 25),
(31, 25),
(32, 25),
(33, 26),
(34, 26),
(35, 26),
(36, 26),
(37, 26),
(38, 26),
(39, 26),
(40, 26),
(41, 26),
(42, 26),
(43, 26),
(44, 26),
(45, 26),
(46, 26),
(47, 26),
(48, 25),
(49, 25),
(50, 25),
(51, 25),
(52, 27),
(53, 28),
(54, 28),
(55, 28),
(56, 29),
(57, 29),
(58, 30),
(59, 30),
(60, 30),
(61, 30),
(62, 30),
(63, 30),
(64, 30),
(65, 30),
(66, 30),
(67, 31),
(68, 31),
(69, 31),
(70, 31),
(71, 31),
(72, 31),
(73, 32),
(74, 32),
(75, 32),
(76, 30),
(77, 30),
(78, 33),
(79, 33),
(80, 33),
(81, 33),
(82, 33),
(83, 33),
(84, 33),
(85, 33),
(86, 33),
(87, 34),
(88, 35),
(89, 36),
(90, 35),
(91, 35),
(92, 35),
(93, 35),
(94, 37),
(95, 38),
(96, 38),
(97, 38),
(98, 38),
(99, 39),
(100, 38),
(101, 38),
(102, 40),
(103, 41),
(104, 41),
(105, 41),
(106, 41),
(107, 41),
(108, 41),
(109, 41),
(110, 41),
(111, 41),
(112, 41),
(113, 41),
(114, 41),
(115, 42),
(116, 42),
(117, 42),
(118, 42),
(119, 42),
(120, 43),
(121, 43),
(122, 43),
(123, 43),
(124, 43),
(125, 43),
(126, 43),
(127, 43),
(128, 43),
(129, 44),
(130, 44),
(131, 45),
(132, 45),
(133, 45),
(134, 45),
(135, 45),
(136, 45),
(137, 45),
(138, 45),
(139, 45),
(140, 46),
(141, 46),
(142, 47),
(143, 47),
(144, 47),
(145, 47),
(146, 47),
(147, 48),
(148, 48),
(149, 48),
(150, 49),
(151, 49),
(152, 49),
(153, 49),
(154, 49),
(155, 49),
(156, 49),
(157, 49),
(158, 49),
(159, 49),
(160, 35),
(161, 50),
(162, 50),
(163, 50),
(164, 50),
(165, 51),
(166, 51),
(167, 51),
(168, 51),
(169, 51),
(170, 51),
(171, 51),
(172, 51),
(173, 51),
(174, 51),
(175, 51),
(176, 51),
(177, 51),
(178, 51),
(179, 51),
(180, 52),
(181, 53),
(182, 53),
(183, 54),
(184, 54),
(185, 54),
(186, 55),
(187, 55),
(188, 55),
(189, 56),
(190, 56),
(191, 57),
(192, 57),
(193, 57),
(194, 58),
(195, 58),
(196, 58),
(197, 58),
(198, 58),
(199, 58),
(200, 58),
(201, 59),
(202, 59),
(203, 59),
(204, 60),
(205, 60),
(206, 60),
(207, 61),
(208, 62),
(209, 63),
(210, 64),
(211, 64),
(212, 65),
(213, 66),
(214, 67),
(215, 68),
(216, 69),
(217, 70),
(218, 71),
(219, 72),
(220, 73),
(221, 74),
(222, 75),
(223, 76),
(224, 77),
(225, 78),
(226, 79),
(227, 80),
(228, 81),
(229, 82),
(230, 83),
(231, 84),
(232, 85),
(233, 86),
(234, 87),
(235, 88),
(236, 89),
(237, 90),
(238, 91),
(239, 92),
(240, 93),
(241, 94),
(242, 95),
(243, 96),
(244, 97),
(245, 98),
(246, 99),
(247, 100),
(248, 101),
(249, 102),
(250, 103),
(251, 104),
(252, 105),
(253, 106),
(254, 107),
(255, 108),
(256, 109),
(257, 110),
(258, 111),
(259, 111),
(260, 111),
(261, 112),
(262, 113),
(263, 114),
(264, 114),
(265, 115),
(266, 116),
(267, 116),
(268, 117),
(269, 118),
(270, 118),
(271, 118),
(272, 118),
(273, 118),
(274, 118),
(275, 118),
(276, 118),
(277, 118),
(278, 118),
(279, 118),
(280, 119),
(281, 119),
(282, 120),
(283, 121),
(284, 121),
(285, 121),
(286, 121),
(287, 121),
(288, 121),
(289, 121),
(290, 121),
(291, 121),
(292, 121),
(293, 122),
(294, 123),
(295, 122),
(296, 124),
(297, 125),
(298, 126),
(299, 127),
(300, 127),
(301, 127),
(302, 127),
(303, 127),
(304, 127),
(305, 128),
(306, 128),
(307, 128),
(308, 128),
(309, 128),
(310, 128),
(311, 128),
(312, 128),
(313, 128),
(314, 129),
(315, 130),
(316, 130),
(317, 131),
(318, 132),
(319, 132),
(320, 133),
(321, 134),
(322, 135),
(323, 134),
(324, 136),
(325, 136),
(326, 137),
(327, 138),
(328, 138),
(329, 139),
(330, 139),
(331, 139),
(332, 139),
(333, 140),
(334, 141),
(335, 142),
(336, 143),
(337, 144),
(338, 145),
(339, 145),
(340, 145),
(341, 145),
(342, 145),
(343, 145),
(344, 145),
(345, 145),
(346, 145),
(347, 145),
(348, 145),
(349, 145),
(350, 145),
(351, 145),
(352, 146),
(353, 147),
(354, 148),
(355, 149),
(356, 150),
(357, 151),
(358, 152),
(359, 145),
(360, 145),
(361, 145),
(362, 145),
(363, 145),
(364, 145),
(365, 153),
(366, 153),
(367, 153),
(368, 153),
(369, 153),
(370, 153),
(371, 154),
(372, 155),
(373, 156),
(374, 154),
(375, 156),
(376, 155),
(377, 156),
(378, 157),
(379, 156),
(380, 155),
(381, 158),
(382, 157),
(383, 157),
(384, 157),
(385, 158),
(386, 159),
(387, 157),
(388, 160),
(389, 159),
(390, 159),
(391, 159),
(392, 159),
(393, 155),
(394, 161),
(395, 162),
(396, 163),
(397, 163),
(398, 164),
(399, 164),
(400, 164),
(401, 165),
(402, 166),
(403, 167),
(404, 163),
(405, 168),
(406, 164),
(407, 169),
(408, 167),
(409, 167),
(410, 167),
(411, 167),
(412, 167),
(413, 167),
(414, 167),
(415, 164),
(416, 164),
(417, 164),
(418, 164),
(419, 164),
(420, 164),
(421, 164),
(422, 164),
(423, 164),
(424, 164),
(425, 170),
(426, 170),
(427, 170),
(428, 170),
(429, 170),
(430, 170),
(431, 170),
(432, 171),
(433, 172),
(434, 168),
(435, 173),
(436, 173),
(437, 173),
(438, 173),
(439, 173),
(440, 173),
(441, 173),
(442, 173),
(443, 174),
(444, 174),
(445, 175),
(446, 175),
(447, 175),
(448, 175),
(449, 176),
(450, 176),
(451, 176),
(452, 176),
(453, 176),
(454, 176),
(455, 176),
(456, 177),
(457, 178),
(458, 179),
(459, 180),
(460, 181),
(461, 182),
(462, 183),
(463, 184),
(464, 184),
(465, 184),
(466, 184),
(467, 184),
(468, 184),
(469, 184),
(470, 185),
(471, 185),
(472, 185),
(473, 185),
(474, 185),
(475, 185),
(476, 185),
(477, 185),
(478, 185),
(479, 185),
(480, 185),
(481, 185),
(482, 185),
(483, 185),
(484, 185),
(485, 185),
(486, 185),
(487, 185),
(488, 185),
(489, 185),
(490, 186),
(491, 187),
(492, 187),
(493, 188),
(494, 189),
(495, 189),
(496, 190),
(497, 190),
(498, 190),
(499, 191),
(500, 192),
(501, 192),
(502, 192),
(503, 192),
(504, 192),
(505, 192),
(506, 192),
(507, 192),
(508, 192),
(509, 192),
(510, 192),
(511, 192),
(512, 193),
(513, 193),
(514, 194),
(515, 195),
(516, 195),
(517, 195),
(518, 195),
(519, 195),
(520, 195),
(521, 195),
(522, 196),
(523, 197),
(524, 196),
(525, 198),
(526, 199),
(527, 200),
(528, 200),
(529, 201),
(530, 201),
(531, 201),
(532, 201),
(533, 201),
(534, 201),
(535, 201),
(536, 201),
(537, 202),
(538, 202),
(539, 202),
(540, 202),
(541, 202),
(542, 203),
(543, 203),
(544, 203),
(545, 203),
(546, 204),
(547, 203),
(548, 205),
(549, 206),
(550, 206),
(551, 207),
(552, 207),
(553, 207),
(554, 208),
(555, 208),
(556, 209),
(557, 209),
(558, 210),
(559, 210),
(560, 211),
(561, 211),
(562, 211),
(563, 211),
(564, 212),
(565, 213),
(566, 213),
(567, 213),
(568, 214),
(569, 215),
(570, 215),
(571, 215),
(572, 215),
(573, 215),
(574, 215),
(575, 216),
(576, 216),
(577, 216),
(578, 217),
(579, 218),
(580, 218),
(581, 218),
(582, 219),
(583, 219),
(584, 218),
(585, 220),
(586, 221),
(587, 221),
(588, 221),
(589, 221),
(590, 221),
(591, 222),
(592, 222),
(593, 222),
(594, 222),
(595, 222),
(596, 222),
(597, 222),
(598, 222),
(599, 222),
(600, 222),
(601, 222),
(602, 223),
(603, 223),
(604, 224),
(605, 224),
(606, 225),
(607, 225),
(608, 226),
(609, 226),
(610, 226),
(611, 226),
(612, 226),
(613, 226),
(614, 226),
(615, 226),
(616, 227),
(617, 227),
(618, 227),
(619, 227),
(620, 227),
(621, 228),
(622, 228),
(623, 228),
(624, 229),
(625, 229),
(626, 230),
(627, 231),
(628, 231),
(629, 231),
(630, 230),
(631, 232),
(632, 232),
(633, 232),
(634, 233),
(635, 234),
(636, 235),
(637, 236),
(638, 237),
(639, 237),
(640, 237),
(641, 237),
(642, 237),
(643, 237),
(644, 238),
(645, 238),
(646, 238),
(647, 238),
(648, 238),
(649, 238),
(650, 239),
(651, 239),
(652, 239),
(653, 239),
(654, 239),
(655, 239),
(656, 239),
(657, 240),
(658, 240),
(659, 241),
(660, 241),
(661, 241),
(662, 242),
(663, 242),
(664, 242),
(665, 242),
(666, 242),
(667, 242),
(668, 242),
(669, 243),
(670, 243),
(671, 243),
(672, 244),
(673, 244),
(674, 245),
(675, 245),
(676, 245),
(677, 245),
(678, 245),
(679, 245),
(680, 245),
(681, 245),
(682, 245),
(683, 245),
(684, 245),
(685, 246),
(686, 247),
(687, 248),
(688, 249),
(689, 250),
(690, 251),
(691, 252),
(692, 253),
(693, 254),
(698, 258),
(698, 259),
(699, 258),
(699, 259),
(700, 258),
(700, 259),
(701, 258),
(701, 259),
(702, 258),
(702, 259),
(703, 258),
(703, 259),
(704, 258),
(704, 259),
(705, 258),
(705, 259),
(706, 258),
(706, 259),
(707, 258),
(707, 259),
(708, 259),
(709, 259),
(710, 259),
(711, 259),
(712, 259),
(713, 259),
(714, 259),
(715, 259),
(716, 259),
(717, 259),
(718, 259),
(719, 259),
(720, 259),
(721, 259),
(722, 259),
(723, 259),
(724, 259),
(725, 259),
(726, 259),
(727, 259),
(728, 259),
(729, 259),
(730, 259),
(731, 259),
(732, 259),
(733, 259),
(734, 259),
(735, 259),
(736, 259),
(737, 259),
(738, 259),
(739, 259),
(740, 259),
(741, 259),
(742, 259),
(743, 259),
(744, 259),
(745, 259),
(746, 259),
(747, 259),
(748, 259),
(749, 259),
(750, 259),
(751, 259),
(752, 259),
(753, 259),
(754, 259),
(755, 259),
(756, 259),
(757, 259),
(758, 259),
(759, 259),
(760, 259),
(761, 259),
(762, 259),
(763, 259),
(764, 259),
(765, 259),
(766, 259),
(767, 259),
(768, 259),
(769, 259),
(770, 259),
(771, 259),
(772, 259),
(773, 259),
(774, 259),
(775, 259),
(776, 259),
(777, 259),
(778, 259),
(779, 259),
(780, 259),
(781, 259),
(782, 259),
(783, 259),
(784, 259),
(785, 259),
(786, 259),
(787, 259),
(788, 259),
(789, 259),
(790, 259),
(791, 259),
(792, 259),
(793, 259),
(794, 259),
(795, 259),
(796, 259),
(797, 259),
(798, 259),
(799, 259),
(800, 259),
(801, 259),
(802, 259),
(803, 259),
(804, 259),
(805, 259),
(806, 259),
(807, 259),
(808, 259),
(809, 259),
(810, 259),
(811, 259),
(812, 259),
(813, 259),
(814, 259),
(815, 259),
(816, 259),
(817, 259),
(818, 259),
(819, 259),
(820, 259),
(821, 259),
(822, 259),
(823, 259),
(824, 259),
(825, 259),
(826, 259),
(827, 259),
(828, 259),
(829, 259),
(830, 259),
(831, 259),
(832, 259),
(833, 259),
(834, 259),
(835, 259),
(836, 259),
(837, 259),
(838, 259),
(839, 259),
(840, 259),
(841, 259),
(842, 259),
(843, 259),
(844, 259),
(845, 259),
(846, 259),
(847, 259),
(848, 259),
(849, 259),
(850, 259),
(851, 259),
(852, 259),
(853, 259),
(854, 259),
(855, 259),
(856, 259),
(857, 259),
(858, 259),
(859, 259),
(860, 259),
(861, 259),
(862, 259),
(863, 259),
(864, 259),
(865, 259),
(866, 259),
(867, 259),
(868, 259),
(869, 259),
(870, 259),
(871, 259),
(872, 259),
(873, 259),
(874, 259),
(875, 259),
(876, 259),
(877, 259),
(878, 259),
(879, 259),
(880, 259),
(881, 259),
(882, 259),
(883, 259),
(884, 259),
(885, 259),
(886, 259),
(887, 259),
(888, 259),
(889, 259),
(890, 259),
(891, 259),
(892, 259),
(893, 259),
(894, 259),
(895, 259),
(896, 259),
(897, 259),
(898, 259),
(899, 259),
(900, 259),
(901, 259),
(902, 259),
(903, 259),
(904, 259),
(905, 259),
(906, 259),
(907, 259),
(908, 260),
(909, 260),
(910, 260),
(911, 260),
(912, 260),
(913, 260),
(914, 260),
(915, 260),
(916, 260),
(917, 260),
(918, 260),
(919, 260),
(920, 260),
(921, 260),
(922, 260),
(923, 260),
(924, 260),
(925, 260),
(926, 260),
(927, 260),
(928, 260),
(929, 260),
(930, 260),
(931, 260),
(932, 260),
(933, 260),
(934, 260),
(935, 260),
(936, 260),
(937, 260),
(938, 260),
(939, 260),
(940, 260),
(941, 260),
(942, 260),
(943, 260),
(944, 260),
(945, 260),
(946, 260),
(947, 260),
(948, 261),
(949, 261),
(950, 261),
(951, 261),
(952, 261),
(953, 261),
(954, 261),
(955, 261),
(956, 261),
(957, 261),
(958, 261),
(959, 261),
(960, 261),
(961, 261),
(962, 261),
(963, 261),
(964, 261),
(965, 261),
(966, 261),
(967, 261),
(968, 261),
(969, 261),
(970, 261),
(971, 261),
(972, 261),
(973, 261),
(974, 261),
(975, 261),
(976, 261),
(977, 261),
(978, 261),
(979, 261),
(980, 261),
(981, 261),
(982, 261),
(983, 261),
(984, 261),
(985, 261),
(986, 261),
(987, 261),
(988, 261),
(989, 261),
(990, 261),
(991, 261),
(992, 261),
(993, 261),
(994, 261),
(995, 261),
(996, 261),
(997, 261),
(998, 261),
(999, 261),
(1000, 262),
(1001, 262),
(1002, 262),
(1003, 262),
(1004, 262),
(1005, 262),
(1006, 262),
(1007, 262),
(1008, 262),
(1009, 262),
(1010, 262),
(1011, 262),
(1012, 262),
(1013, 262),
(1014, 262),
(1015, 262),
(1016, 262),
(1017, 262),
(1018, 262),
(1019, 262),
(1020, 262),
(1021, 262),
(1022, 262),
(1023, 262),
(1024, 262),
(1025, 262),
(1026, 262),
(1027, 262),
(1028, 262),
(1029, 262),
(1030, 262),
(1031, 263),
(1032, 263),
(1033, 263),
(1034, 263),
(1035, 263),
(1036, 263),
(1037, 263),
(1038, 263),
(1039, 263),
(1040, 263),
(1041, 263),
(1042, 263),
(1043, 263),
(1044, 263),
(1045, 263),
(1046, 263),
(1047, 263),
(1048, 263),
(1049, 263),
(1050, 263),
(1051, 263),
(1052, 263),
(1053, 263),
(1054, 263),
(1055, 263),
(1056, 263),
(1057, 263),
(1058, 263),
(1059, 263),
(1060, 263),
(1061, 263),
(1062, 263),
(1063, 263),
(1064, 263),
(1065, 263),
(1066, 263),
(1067, 263),
(1068, 263),
(1069, 263),
(1070, 263),
(1071, 263),
(1072, 263),
(1073, 263),
(1074, 263),
(1075, 263),
(1076, 263),
(1077, 263),
(1078, 263),
(1079, 263),
(1080, 263),
(1081, 263),
(1082, 263),
(1083, 263),
(1084, 263),
(1085, 263),
(1086, 263),
(1087, 263),
(1088, 263),
(1089, 263),
(1090, 263),
(1091, 263),
(1092, 263),
(1093, 263),
(1094, 263),
(1095, 263),
(1096, 263),
(1097, 263),
(1098, 263),
(1099, 263),
(1100, 263),
(1101, 263),
(1102, 263),
(1103, 263),
(1104, 263),
(1105, 263),
(1106, 263),
(1107, 263),
(1108, 263),
(1109, 263),
(1110, 263),
(1111, 263),
(1112, 263),
(1113, 263),
(1114, 263),
(1115, 263),
(1116, 263),
(1117, 263),
(1118, 263),
(1119, 263),
(1120, 263),
(1121, 263),
(1122, 263),
(1123, 263),
(1124, 263),
(1125, 263),
(1126, 263),
(1127, 263),
(1128, 263),
(1129, 263),
(1130, 263),
(1131, 263),
(1132, 263),
(1133, 263),
(1134, 263),
(1135, 263),
(1136, 263),
(1137, 263),
(1138, 263),
(1139, 263),
(1140, 263),
(1141, 263),
(1142, 263),
(1143, 263),
(1144, 263),
(1145, 263),
(1146, 263),
(1147, 263),
(1148, 263),
(1149, 263),
(1150, 263),
(1151, 263),
(1152, 263),
(1153, 263),
(1154, 263),
(1155, 263),
(1156, 263),
(1157, 263),
(1158, 263),
(1159, 263),
(1160, 263),
(1161, 263),
(1162, 263),
(1163, 263),
(1164, 263),
(1165, 263),
(1166, 263),
(1167, 263),
(1168, 263),
(1169, 263),
(1170, 263),
(1171, 263),
(1172, 263),
(1173, 263),
(1174, 263),
(1175, 263),
(1176, 263),
(1177, 263),
(1178, 263),
(1179, 263),
(1180, 263),
(1181, 263),
(1182, 263),
(1183, 263),
(1184, 263),
(1185, 263),
(1186, 263),
(1187, 263),
(1188, 263),
(1189, 263),
(1190, 263),
(1191, 263),
(1192, 263),
(1193, 263),
(1194, 263),
(1195, 263),
(1196, 263),
(1197, 263),
(1198, 263),
(1199, 263),
(1200, 263),
(1201, 263),
(1202, 263),
(1203, 263),
(1204, 263),
(1205, 263),
(1206, 263),
(1207, 263),
(1208, 263),
(1209, 263),
(1210, 263),
(1211, 263),
(1212, 263),
(1213, 263),
(1214, 263),
(1215, 264),
(1216, 264),
(1217, 264),
(1218, 264),
(1219, 264),
(1220, 264),
(1221, 264),
(1222, 264),
(1223, 264),
(1224, 264),
(1225, 264),
(1226, 264),
(1227, 264),
(1228, 264),
(1229, 264),
(1230, 264),
(1231, 264),
(1232, 264),
(1233, 264),
(1234, 264),
(1235, 264),
(1236, 264),
(1237, 264),
(1238, 265),
(1239, 265),
(1240, 265),
(1241, 265),
(1242, 265),
(1243, 265),
(1244, 265),
(1245, 265),
(1246, 265),
(1247, 265),
(1248, 265),
(1249, 265),
(1250, 265),
(1251, 265),
(1252, 265),
(1253, 265),
(1254, 265),
(1255, 265),
(1256, 265),
(1257, 265),
(1258, 265),
(1259, 265),
(1260, 265),
(1261, 266),
(1262, 266),
(1263, 266),
(1264, 266),
(1265, 266),
(1266, 266),
(1267, 266),
(1268, 266),
(1269, 266),
(1270, 266),
(1271, 266),
(1272, 266),
(1273, 266),
(1274, 266),
(1275, 266),
(1276, 266),
(1277, 266),
(1278, 266),
(1279, 266),
(1280, 266),
(1281, 266),
(1282, 266),
(1283, 266),
(1284, 266),
(1285, 266),
(1286, 266),
(1287, 266),
(1288, 266),
(1289, 266),
(1290, 266),
(1291, 266),
(1292, 266),
(1293, 266),
(1294, 266),
(1295, 266),
(1296, 266),
(1297, 266),
(1298, 266),
(1299, 266),
(1300, 266),
(1301, 266),
(1302, 266),
(1303, 266),
(1304, 266),
(1305, 266),
(1306, 266),
(1307, 266),
(1308, 266),
(1309, 266),
(1310, 266),
(1311, 266),
(1312, 266),
(1313, 266),
(1314, 266),
(1315, 266),
(1316, 266),
(1317, 266),
(1318, 266),
(1319, 266),
(1320, 266),
(1321, 266),
(1322, 266),
(1323, 266),
(1324, 266),
(1325, 266),
(1326, 266),
(1327, 266),
(1328, 266),
(1329, 266),
(1330, 266),
(1331, 266),
(1332, 266),
(1333, 266),
(1334, 266),
(1335, 266),
(1336, 266),
(1337, 266),
(1338, 266),
(1339, 266),
(1340, 266),
(1341, 266),
(1342, 266),
(1343, 266),
(1344, 266),
(1345, 266),
(1346, 266),
(1347, 266),
(1348, 266),
(1349, 266),
(1350, 266),
(1351, 266),
(1352, 266),
(1353, 266),
(1354, 266),
(1355, 266),
(1356, 266),
(1357, 266),
(1358, 266),
(1359, 266),
(1360, 266),
(1361, 266),
(1362, 266),
(1363, 266),
(1364, 266),
(1365, 266),
(1366, 266),
(1367, 266),
(1368, 266),
(1369, 266),
(1370, 266),
(1371, 266),
(1372, 266),
(1373, 266),
(1374, 266),
(1375, 266),
(1376, 266),
(1377, 266),
(1378, 266),
(1379, 266),
(1380, 266),
(1381, 266),
(1382, 266),
(1383, 266),
(1384, 266),
(1385, 266),
(1386, 266),
(1387, 266),
(1388, 266),
(1389, 266),
(1390, 266),
(1391, 266),
(1392, 266),
(1393, 266),
(1394, 266),
(1395, 266),
(1396, 266),
(1397, 266),
(1398, 266),
(1399, 266),
(1400, 266),
(1401, 266),
(1402, 266),
(1403, 266),
(1404, 266),
(1405, 266),
(1406, 266),
(1407, 266),
(1408, 266),
(1409, 266),
(1410, 266),
(1411, 266),
(1412, 266),
(1413, 266),
(1414, 266),
(1415, 266),
(1416, 266),
(1417, 266),
(1418, 266),
(1419, 266),
(1420, 266),
(1421, 266),
(1422, 266),
(1423, 266),
(1424, 266),
(1425, 266),
(1426, 266),
(1427, 266),
(1428, 266),
(1429, 266),
(1430, 266),
(1431, 266),
(1432, 266),
(1433, 266),
(1434, 266),
(1435, 266),
(1436, 266),
(1437, 266),
(1438, 266),
(1439, 266),
(1440, 266),
(1441, 266),
(1442, 266),
(1443, 266),
(1444, 266),
(1445, 266),
(1446, 266),
(1447, 266),
(1448, 266),
(1449, 266),
(1450, 266),
(1451, 266),
(1452, 266),
(1453, 266),
(1454, 266),
(1455, 266),
(1456, 266),
(1457, 266),
(1458, 266),
(1459, 266),
(1460, 266),
(1461, 266),
(1462, 266),
(1463, 266),
(1464, 266),
(1465, 266),
(1466, 266),
(1467, 266),
(1468, 266),
(1469, 266),
(1470, 266),
(1471, 266),
(1472, 266),
(1473, 266),
(1474, 266),
(1475, 266),
(1476, 266),
(1477, 266),
(1478, 266),
(1479, 266),
(1480, 266),
(1481, 266),
(1482, 266),
(1483, 266),
(1484, 266),
(1485, 266),
(1486, 266),
(1487, 266),
(1488, 266),
(1489, 266),
(1490, 266),
(1491, 266),
(1492, 266),
(1493, 266),
(1494, 266),
(1495, 266),
(1496, 266),
(1497, 266),
(1498, 266),
(1499, 266),
(1500, 266),
(1501, 266),
(1502, 266),
(1503, 266),
(1504, 266),
(1505, 266),
(1506, 266),
(1507, 266),
(1508, 267),
(1509, 267),
(1510, 267),
(1511, 267),
(1512, 267),
(1513, 267),
(1514, 267),
(1515, 269),
(1516, 269),
(1517, 269),
(1518, 269),
(1519, 269),
(1520, 269),
(1521, 269),
(1522, 269),
(1523, 269),
(1524, 269),
(1525, 270),
(1526, 270),
(1527, 270),
(1528, 270),
(1529, 270),
(1530, 270),
(1531, 270),
(1532, 270),
(1533, 270),
(1534, 270),
(1535, 271),
(1536, 271),
(1537, 271),
(1538, 271),
(1539, 271),
(1540, 271),
(1541, 271),
(1542, 271),
(1543, 271),
(1544, 271),
(1545, 272),
(1546, 272),
(1547, 272),
(1548, 272),
(1549, 272),
(1550, 272),
(1562, 275),
(1563, 276),
(1564, 277),
(1565, 278),
(1566, 279),
(1567, 280),
(1568, 281),
(1569, 282),
(1570, 283),
(1571, 283),
(1571, 284),
(1572, 287),
(1573, 287),
(1574, 287),
(1575, 287),
(1576, 287);

-- --------------------------------------------------------

--
-- Estructura de tabla para la tabla `full_equipment`
--

CREATE TABLE `full_equipment` (
  `full_equipment_id` int(11) NOT NULL,
  `equipment_id` int(11) DEFAULT NULL,
  `type_id` int(11) DEFAULT NULL,
  `model_id` int(11) DEFAULT NULL,
  `consumable_id` int(11) DEFAULT NULL,
  `description_id` int(11) DEFAULT NULL
) ENGINE=InnoDB DEFAULT CHARSET=utf8mb4;

--
-- Volcado de datos para la tabla `full_equipment`
--

INSERT INTO `full_equipment` (`full_equipment_id`, `equipment_id`, `type_id`, `model_id`, `consumable_id`, `description_id`) VALUES
(2, 2, 2, 2, 1, 2),
(3, 3, 3, 2, 1, 3),
(4, 2, 2, 2, 1, 4),
(5, 2, 2, 2, 1, 5),
(6, 3, 3, 2, 1, 6),
(7, 3, 3, 2, 1, 7),
(8, 4, 4, 3, 1, 8),
(9, 4, 4, 3, 1, 9),
(10, 4, 4, 3, 1, 10),
(11, 4, 4, 3, 1, 11),
(12, 4, 4, 3, 1, 12),
(13, 4, 4, 3, 1, 13),
(14, 5, 5, 3, 1, 14),
(15, 5, 5, 3, 1, 15),
(16, 5, 5, 3, 1, 16),
(17, 6, 6, 3, 1, 17),
(18, 6, 6, 3, 1, 18),
(19, 7, 7, 4, 1, 19),
(20, 8, 5, 3, 1, 20),
(21, 8, 5, 3, 1, 21),
(22, 9, 8, 5, 2, 22),
(23, 9, 8, 6, 2, 23),
(24, 9, 8, 7, 2, 24),
(25, 10, 9, 8, 2, 25),
(26, 10, 9, 9, 2, 26),
(27, 10, 9, 10, 2, 26),
(28, 10, 9, 11, 2, 27),
(29, 10, 9, 12, 2, 27),
(30, 10, 10, 13, 2, 28),
(31, 10, 10, 14, 2, 29),
(32, 10, 10, 15, 2, 30),
(33, 10, 9, 16, 2, 31),
(34, 10, 10, 17, 2, 31),
(35, 11, 8, 18, 2, 32),
(36, 11, 8, 18, 2, 33),
(37, 11, 8, 18, 2, 34),
(38, 11, 8, 19, 2, 34),
(39, 11, 8, 19, 2, 35),
(40, 11, 8, 20, 2, 35),
(41, 11, 8, 21, 2, 36),
(42, 11, 8, 22, 2, 37),
(43, 11, 11, 23, 2, 38),
(44, 11, 11, 24, 2, 39),
(45, 11, 11, 25, 2, 40),
(46, 11, 11, 26, 2, 41),
(47, 11, 8, 27, 2, 42),
(48, 12, 8, 28, 2, 43),
(49, 12, 8, 29, 2, 44),
(50, 13, 8, 30, 2, 45),
(51, 14, 8, 31, 2, 46),
(52, 14, 8, 32, 2, 47),
(53, 14, 11, 33, 2, 48),
(54, 14, 11, 34, 2, 49),
(55, 14, 11, 35, 2, 50),
(56, 14, 11, 36, 2, 50),
(57, 14, 8, 37, 2, 51),
(58, 14, 8, 38, 2, 52),
(59, 14, 8, 39, 2, 53),
(60, 14, 8, 40, 2, 54),
(61, 14, 8, 41, 2, 55),
(62, 14, 11, 42, 2, 56),
(63, 14, 8, 43, 2, 55),
(64, 14, 8, 44, 2, 57),
(65, 15, 8, 45, 2, 58),
(66, 15, 8, 45, 2, 59),
(67, 15, 8, 45, 2, 60),
(68, 15, 8, 45, 2, 61),
(69, 15, 8, 45, 2, 62),
(70, 15, 8, 45, 2, 63),
(71, 15, 8, 45, 2, 64),
(72, 15, 8, 45, 2, 65),
(73, 15, 8, 45, 2, 66),
(74, 15, 8, 45, 2, 67),
(75, 15, 8, 45, 2, 68),
(76, 15, 8, 45, 2, 69),
(77, 15, 8, 45, 2, 70),
(78, 15, 8, 45, 2, 71),
(79, 15, 8, 45, 2, 72),
(80, 15, 8, 45, 2, 73),
(81, 15, 8, 45, 2, 74),
(82, 15, 8, 45, 2, 75),
(83, 15, 8, 45, 2, 76),
(84, 15, 8, 45, 2, 77),
(85, 15, 8, 45, 2, 78),
(86, 15, 8, 45, 2, 79),
(87, 15, 8, 45, 2, 80),
(88, 15, 8, 45, 2, 81),
(89, 15, 8, 45, 2, 82),
(90, 15, 8, 45, 2, 83),
(91, 15, 8, 45, 2, 84),
(92, 15, 8, 45, 2, 85),
(93, 15, 8, 45, 2, 86),
(94, 15, 8, 45, 2, 87),
(95, 15, 8, 45, 2, 88),
(96, 15, 8, 45, 2, 89),
(97, 15, 8, 45, 2, 90),
(98, 15, 8, 45, 2, 91),
(99, 15, 8, 45, 2, 92),
(100, 15, 8, 45, 2, 93),
(101, 15, 8, 45, 2, 94),
(102, 15, 8, 45, 2, 95),
(103, 15, 8, 45, 2, 96),
(104, 15, 8, 45, 2, 97),
(105, 15, 8, 45, 2, 98),
(106, 15, 8, 45, 2, 99),
(107, 15, 8, 45, 2, 100),
(108, 15, 8, 45, 2, 101),
(109, 15, 8, 45, 2, 102),
(110, 15, 8, 45, 2, 103),
(111, 16, 8, 46, 2, 104),
(112, 17, 8, 47, 2, 105),
(113, 17, 8, 48, 2, 105),
(114, 16, 8, 49, 2, 106),
(115, 16, 8, 50, 2, 106),
(116, 18, 12, 51, 2, 107),
(117, 18, 12, 3, 2, 108),
(118, 18, 12, 52, 2, 109),
(119, 18, 12, 53, 2, 110),
(120, 18, 12, 54, 2, 111),
(121, 18, 12, 55, 2, 112),
(122, 18, 12, 3, 2, 113),
(123, 18, 12, 56, 2, 113),
(124, 18, 12, 3, 2, 114),
(125, 18, 12, 57, 2, 115),
(126, 18, 12, 58, 2, 115),
(127, 18, 12, 58, 2, 116),
(128, 18, 12, 58, 2, 117),
(129, 18, 12, 3, 2, 118),
(130, 18, 12, 59, 2, 119),
(131, 18, 12, 59, 2, 120),
(132, 18, 12, 60, 2, 121),
(133, 18, 12, 3, 2, 122),
(134, 18, 12, 61, 2, 123),
(135, 18, 12, 3, 2, 124),
(136, 18, 12, 62, 2, 125),
(137, 18, 12, 62, 2, 126),
(138, 18, 12, 62, 2, 127),
(139, 18, 12, 63, 2, 128),
(140, 18, 12, 3, 2, 129),
(141, 18, 12, 3, 2, 130),
(142, 18, 12, 51, 2, 131),
(143, 18, 12, 51, 2, 132),
(144, 18, 12, 51, 2, 129),
(145, 18, 12, 64, 2, 133),
(146, 18, 12, 65, 2, 134),
(147, 18, 12, 66, 2, 135),
(148, 18, 12, 67, 2, 136),
(149, 18, 12, 67, 2, 137),
(150, 18, 12, 68, 2, 138),
(151, 18, 12, 3, 2, 138),
(152, 18, 13, 3, 2, 139),
(153, 19, 8, 69, 2, 140),
(154, 19, 8, 70, 2, 141),
(155, 19, 8, 71, 2, 142),
(156, 19, 8, 70, 2, 143),
(157, 19, 8, 72, 2, 144),
(158, 19, 8, 73, 2, 144),
(159, 19, 8, 74, 2, 145),
(160, 19, 8, 74, 2, 146),
(161, 19, 8, 75, 2, 147),
(162, 19, 8, 76, 2, 148),
(163, 19, 8, 76, 2, 149),
(164, 19, 8, 77, 2, 150),
(165, 19, 8, 78, 2, 151),
(166, 19, 8, 79, 2, 152),
(167, 19, 8, 80, 2, 149),
(168, 20, 8, 81, 2, 153),
(169, 19, 8, 82, 2, 150),
(170, 19, 8, 83, 2, 154),
(171, 19, 8, 84, 2, 154),
(172, 19, 8, 85, 2, 155),
(173, 21, 8, 86, 1, 156),
(174, 21, 8, 87, 1, 157),
(175, 21, 8, 88, 1, 158),
(176, 21, 8, 89, 1, 159),
(177, 21, 8, 90, 1, 160),
(178, 21, 8, 90, 1, 161),
(179, 21, 8, 90, 1, 162),
(180, 21, 8, 90, 1, 163),
(181, 21, 8, 90, 1, 164),
(182, 21, 8, 90, 1, 165),
(183, 21, 8, 90, 1, 166),
(184, 22, 8, 91, 1, 167),
(185, 23, 8, 92, 1, 168),
(186, 24, 8, 93, 2, 169),
(187, 24, 8, 94, 2, 169),
(188, 25, 8, 95, 2, 170),
(189, 25, 14, 96, 2, 171),
(190, 25, 15, 97, 2, 172),
(191, 25, 14, 98, 2, 173),
(192, 26, 8, 99, 2, 174),
(193, 27, 8, 100, 2, 175),
(194, 28, 16, 101, 2, 176),
(195, 29, 16, 102, 2, 177),
(196, 30, 8, 103, 2, 178),
(197, 30, 8, 103, 2, 179),
(198, 31, 11, 104, 2, 180),
(199, 31, 8, 105, 2, 181),
(200, 32, 8, 106, 2, 182),
(201, 33, 17, 107, 2, 183),
(202, 34, 17, 108, 2, 184),
(203, 35, 11, 109, 2, 185),
(204, 35, 11, 109, 2, 186),
(205, 35, 11, 109, 2, 187),
(206, 36, 11, 110, 2, 188),
(207, 37, 8, 111, 2, 189),
(208, 37, 8, 112, 2, 190),
(209, 37, 8, 113, 2, 191),
(210, 38, 18, 114, 2, 192),
(211, 39, 8, 115, 2, 193),
(212, 40, 8, 116, 2, 194),
(213, 40, 8, 117, 2, 194),
(214, 41, 8, 118, 2, 195),
(215, 42, 11, 119, 2, 196),
(216, 43, 11, 120, 2, 197),
(217, 43, 11, 121, 2, 198),
(218, 44, 11, 122, 2, 199),
(219, 44, 11, 123, 2, 199),
(220, 44, 11, 3, 2, 200),
(221, 44, 11, 124, 2, 201),
(222, 45, 17, 125, 2, 202),
(223, 45, 17, 126, 2, 203),
(224, 45, 17, 127, 2, 204),
(225, 45, 17, 128, 2, 205),
(226, 45, 17, 125, 2, 206),
(227, 45, 17, 129, 2, 206),
(228, 46, 19, 130, 2, 207),
(229, 46, 19, 131, 2, 208),
(230, 46, 19, 132, 2, 209),
(231, 46, 19, 133, 2, 210),
(232, 46, 19, 134, 2, 211),
(233, 46, 19, 132, 2, 212),
(234, 47, 19, 3, 2, 213),
(235, 48, 19, 3, 2, 214),
(236, 49, 19, 3, 2, 215),
(237, 50, 11, 3, 1, 216),
(238, 51, 11, 3, 1, 217),
(239, 52, 8, 135, 1, 218),
(240, 53, 8, 136, 1, 219),
(241, 54, 8, 137, 1, 220),
(242, 55, 8, 138, 2, 221),
(243, 56, 11, 139, 1, 222),
(244, 57, 8, 140, 2, 223),
(245, 58, 11, 3, 2, 224),
(246, 59, 11, 3, 2, 225),
(247, 60, 11, 3, 1, 226),
(248, 60, 11, 3, 1, 227),
(249, 61, 11, 3, 1, 228),
(250, 62, 11, 3, 1, 229),
(251, 63, 11, 3, 1, 230),
(252, 64, 11, 3, 1, 231),
(253, 65, 11, 3, 1, 232),
(254, 66, 11, 3, 1, 233),
(258, 70, 23, 144, 1, 237),
(259, 19, 24, 145, 1, 238),
(260, 71, 25, 146, 1, 239),
(261, 11, 26, 147, 1, 240),
(262, 71, 27, 148, 1, 241),
(263, 72, 28, 149, 1, 242),
(264, 73, 28, 150, 1, 243),
(265, 74, 29, 151, 1, 244),
(266, 14, 30, 152, 1, 245),
(267, 75, 31, 153, 2, 246),
(269, 77, 32, 155, 2, 248),
(270, 78, 32, 155, 2, 249),
(271, 79, 32, 155, 2, 250),
(272, 80, 32, 155, 2, 251),
(275, 83, 32, 155, 2, 254),
(276, 83, 32, 155, 2, 255),
(277, 83, 32, 155, 2, 256),
(278, 83, 32, 155, 2, 257),
(279, 83, 32, 155, 2, 258),
(280, 83, 32, 155, 2, 259),
(281, 83, 32, 155, 2, 260),
(282, 83, 32, 155, 2, 261),
(283, 83, 32, 155, 2, 262),
(284, 83, 32, 155, 2, 263),
(285, 84, 33, 156, 1, 264),
(286, 85, 33, 156, 1, 265),
(287, 11, 8, 27, 2, 266);

-- --------------------------------------------------------

--
-- Estructura de tabla para la tabla `history`
--

CREATE TABLE `history` (
  `history_id` int(11) NOT NULL,
  `comments` varchar(255) DEFAULT NULL,
  `rec_id` int(11) DEFAULT NULL
) ENGINE=InnoDB DEFAULT CHARSET=utf8;

--
-- Volcado de datos para la tabla `history`
--

INSERT INTO `history` (`history_id`, `comments`, `rec_id`) VALUES
(1, 'fusible de 440 mA Dañado (Deuda Saldada: 09-02-23)', 57),
(10, 'AE-7-1\r\n', 143);

-- --------------------------------------------------------

--
-- Estructura de tabla para la tabla `members`
--

CREATE TABLE `members` (
  `student_id` bigint(20) NOT NULL,
  `course_id` int(11) NOT NULL,
  `work_group` int(11) DEFAULT NULL
) ENGINE=InnoDB DEFAULT CHARSET=utf8;

--
-- Volcado de datos para la tabla `members`
--

INSERT INTO `members` (`student_id`, `course_id`, `work_group`) VALUES
(79734186, 15, 2),
(759951933, 36, 2),
(1001298813, 6, 1),
(1001298813, 7, 1),
(1001298813, 8, 2),
(1001298813, 15, 1),
(1002740817, 6, 2),
(1002740817, 7, 2),
(1014279080, 28, 4),
(1020803135, 6, 2),
(1020803135, 7, 2),
(1077133723, 13, 1),
(1107523131, 24, 4),
(1111122093, 6, 1),
(1111122093, 7, 1),
(1111122093, 8, 2),
(1366977134, 20, 6),
(1867884002, 25, 5),
(1867891746, 20, 3),
(1867902978, 23, 2),
(1867919330, 25, 4),
(1867935554, 28, 5),
(1927681090, 20, 3),
(1927803906, 21, 3),
(1927842626, 24, 3),
(1928026738, 36, 2),
(1928050962, 25, 3),
(1928188594, 20, 4),
(1928339586, 25, 4),
(1928339586, 36, 5),
(1928377810, 28, 3),
(1928388674, 20, 1),
(1931679910, 20, 2),
(1931679910, 29, 2),
(1931710022, 28, 3),
(1931731526, 25, 2),
(1931811494, 24, 6),
(1931842294, 24, 5),
(1931901254, 23, 1),
(1931969574, 25, 1),
(1931970246, 21, 2),
(1932057382, 25, 3),
(1932136310, 21, 4),
(1932136310, 29, 3),
(1932176374, 20, 4),
(1932248742, 21, 2),
(1932257142, 25, 6),
(1932315542, 21, 1),
(1932366166, 24, 5),
(1932386678, 25, 2),
(1932389702, 21, 5),
(1932433958, 21, 3),
(1932517238, 24, 1),
(1932528950, 36, 5),
(1932626694, 25, 1),
(1932639942, 24, 3),
(2131549931, 25, 3),
(2131549931, 36, 6),
(2158818114, 20, 6),
(2158855042, 20, 2),
(2159284802, 20, 1),
(2159292338, 21, 1),
(2159328210, 29, 3),
(2179702612, 20, 5),
(2179772468, 23, 2),
(2179794516, 14, 1),
(2179817892, 25, 1),
(2179820532, 25, 4),
(2180122868, 20, 4),
(2180267748, 23, 1),
(2180289412, 24, 2),
(2180309220, 20, 5),
(2180326692, 24, 6),
(2180481780, 24, 2),
(3288855354, 15, 1),
(3937223805, 21, 6),
(3945787005, 21, 2),
(3945867053, 20, 3),
(3945993389, 20, 5),
(3946371581, 20, 2),
(3956674029, 15, 1),
(3956858509, 20, 6),
(3956906269, 21, 5),
(3956932669, 21, 1),
(3957032973, 28, 2),
(3957409117, 24, 1),
(3966162909, 25, 5);

-- --------------------------------------------------------

--
-- Estructura de tabla para la tabla `models`
--

CREATE TABLE `models` (
  `model_id` int(11) NOT NULL,
  `model` varchar(255) DEFAULT NULL
) ENGINE=InnoDB DEFAULT CHARSET=utf8mb4;

--
-- Volcado de datos para la tabla `models`
--

INSERT INTO `models` (`model_id`, `model`) VALUES
(2, 'N.D'),
(3, 'X1'),
(4, '6498'),
(5, 'NP115'),
(6, 'NP-VE282X'),
(7, 'H553A'),
(8, 'GPS3030'),
(9, 'GPS3030D'),
(10, 'GPS 3030D'),
(11, 'PeakTech 6140'),
(12, 'PS 6140'),
(13, '2231A-30-3'),
(14, '6010D'),
(15, 'SPD3303X'),
(16, 'LPS301'),
(17, 'LPS304'),
(18, 'TDS 1012'),
(19, 'TDS 1002'),
(20, 'TDS 210'),
(21, 'TBS 1102B-EDU'),
(22, 'WaveAce101'),
(23, 'HM303-6'),
(24, 'PM3335'),
(25, 'V-252'),
(26, '2205'),
(27, 'DS1102D'),
(28, 'DSD2102X'),
(29, 'HANTEK6104BD'),
(30, 'LH1116'),
(31, 'DG4062'),
(32, '8111A'),
(33, 'GF-230'),
(34, 'C.A 950'),
(35, 'CFG263'),
(36, 'GFG-8215A'),
(37, '4040B'),
(38, 'DG1022'),
(39, 'SDG 1032X'),
(40, 'DG3061A'),
(41, 'PM5138A'),
(42, 'PM5135'),
(43, 'PM5150'),
(44, 'AFG1022'),
(45, '6010D-TDS1002-AFG1022'),
(46, '2510'),
(47, '92'),
(48, '123'),
(49, 'M2M'),
(50, 'ANR96'),
(51, '1590'),
(52, 'CAT82910 17'),
(53, '1590.2857142857'),
(54, 'C87632'),
(55, 'CAT82910 16'),
(56, '1590 276'),
(57, 'CAT2910 013'),
(58, 'CAT82910 13'),
(59, 'CAT82910 12'),
(60, '35725'),
(61, '1990.4'),
(62, 'CAT82910 11'),
(63, '64378'),
(64, '56735'),
(65, '11575'),
(66, '1590.3333333333'),
(67, '1590.6666666667'),
(68, 'CAT 2910 7'),
(69, '70 SERIES II'),
(70, '73'),
(71, '73 SERIES II'),
(72, '75 SERIES II'),
(73, '77'),
(74, '79 SERIES II'),
(75, '87 TRUE RMS'),
(76, '79 III TRUE RMS'),
(77, '179 TRUE RMS'),
(78, '12'),
(79, '25'),
(80, '177 TRUE RMS'),
(81, 'YF-1100A'),
(82, '77 III'),
(83, '112 TRUE RMS'),
(84, '115 TRUE RMS'),
(85, '8026B TRUE RMS'),
(86, 'Nexys 2'),
(87, 'Nexys 3'),
(88, 'Nexys 4'),
(89, 'Nesys 4 DDR'),
(90, 'Zybo Z7'),
(91, 'NI USB-6009'),
(92, 'Spartan 6'),
(93, '2795'),
(94, 'DT-6236B'),
(95, 'NO REGISTRA'),
(96, 'i200s'),
(97, '80i-400'),
(98, '80i-1000s'),
(99, 'DT-3353'),
(100, 'CM4371'),
(101, '80T-IR'),
(102, '80BK-A'),
(103, '54II'),
(104, '3281'),
(105, '810'),
(106, 'DT-8809A'),
(107, '3270'),
(108, '3275'),
(109, 'WC 15-4'),
(110, 'C.A 405'),
(111, 'HM 5011'),
(112, 'HM 5012-2'),
(113, 'DSA832E'),
(114, 'N.A.'),
(115, 'HM8122'),
(116, 'HM-8134'),
(117, 'HM-8134-2'),
(118, 'HM6042'),
(119, 'E82C2-02'),
(120, 'T37C2'),
(121, 'T2H2cznC14PW1-1/6'),
(122, '1020'),
(123, '9T92Y12'),
(124, 'TDGC2'),
(125, '56213'),
(126, '56215'),
(127, '56216'),
(128, '56218'),
(129, '56214'),
(130, 'DC3SCS'),
(131, 'ASTRB'),
(132, 'ASM125.80'),
(133, 'AST3V'),
(134, 'ASTAL'),
(135, 'MiniVNATiny'),
(136, 'B200'),
(137, 'R820T2 SDR'),
(138, 'nxt'),
(139, '4000'),
(140, 'DG5000'),
(141, 's'),
(142, 'd'),
(143, 'c<c<cd'),
(144, 'prueba'),
(145, 'W16B'),
(146, 'Altera Cyclone IV'),
(147, 'VDS1022I'),
(148, 'Tarjeta de desarrollo Altera OpenEP4CE6-C'),
(149, 'DSO FNIRSI PRO LCD 2,4\"'),
(150, 'DSO 138 mini'),
(151, 'S-A-A V2'),
(152, 'ICL8038'),
(153, 'RF EXPLORER 4G'),
(154, 'ND'),
(155, 'abc'),
(156, 'N.D.');

-- --------------------------------------------------------

--
-- Estructura de tabla para la tabla `requests`
--

CREATE TABLE `requests` (
  `request_id` int(11) NOT NULL,
  `modalidad` varchar(128) DEFAULT NULL,
  `fecha` date DEFAULT NULL,
  `curso` varchar(128) DEFAULT NULL,
  `hora_ini` varchar(8) DEFAULT NULL,
  `hora_fin` varchar(8) DEFAULT NULL,
  `estado` varchar(128) DEFAULT NULL,
  `ti_un` bigint(20) DEFAULT NULL,
  `fecha_ini` date DEFAULT NULL,
  `fecha_fin` date DEFAULT NULL,
  `fecha_solicitud` date DEFAULT NULL
) ENGINE=InnoDB DEFAULT CHARSET=utf8;

--
-- Volcado de datos para la tabla `requests`
--

INSERT INTO `requests` (`request_id`, `modalidad`, `fecha`, `curso`, `hora_ini`, `hora_fin`, `estado`, `ti_un`, `fecha_ini`, `fecha_fin`, `fecha_solicitud`) VALUES
(14, 'Practica Libre', '2022-08-05', 'Eléctronica Analoga I', '12:42', '01:06', 'Desactivado', 1001298813, NULL, NULL, '2022-08-05'),
(16, 'Practica Libre', '2022-08-16', 'Eléctronica Analoga I', '10:24', '10:27', 'Desactivado', 1002740817, NULL, NULL, '2022-08-16'),
(17, 'Casa', NULL, 'Campos Electromagnéticos', '10:30', '10:31', 'Desactivado', 1002740817, '2022-08-17', '2022-08-24', '2022-08-16'),
(18, 'Practica Libre', '2022-08-17', 'Campos Electromagnéticos', '10:34', '10:35', 'Desactivado', 1002740817, NULL, NULL, '2022-08-16'),
(19, 'Clase', '2023-01-24', 'materiaprueba', '04:20', '04:20', 'Desactivado', 1077133723, NULL, NULL, '2023-01-24'),
(20, 'Practica Libre', '2023-01-23', 'materiaprueba', '05:21', '05:21', 'Desactivado', 1077133723, NULL, NULL, '2023-01-24'),
(22, 'Practica Libre', '2023-02-07', 'Aplicación y control de motores', '12:54', '12:56', 'Desactivado', 2179794516, NULL, NULL, '2023-02-07'),
(23, 'Practica Libre', '2023-02-07', 'Aplicación y control de motores', '01:05', '01:05', 'Desactivado', 2179794516, NULL, NULL, '2023-02-07'),
(24, 'Practica Libre', '2023-02-07', 'Aplicación y control de motores', '03:56', '03:57', 'Desactivado', 2179794516, NULL, NULL, '2023-02-07'),
(25, 'Practica Libre', '2023-02-07', 'Aplicación y control de motores', '04:05', '04:26', 'Desactivado', 2179794516, NULL, NULL, '2023-02-07'),
(26, 'Practica Libre', '2023-02-07', 'Aplicación y control de motores', '04:47', '04:51', 'Desactivado', 2179794516, NULL, NULL, '2023-02-07'),
(27, 'Practica Libre', '2023-02-07', 'Aplicación y control de motores', '04:20', '04:50', 'Desactivado', 2179794516, NULL, NULL, '2023-02-07'),
(28, 'Practica Libre', '2023-02-07', 'Aplicación y control de motores', '04:37', '04:50', 'Desactivado', 2179794516, NULL, NULL, '2023-02-07'),
(29, 'Practica Libre', '2023-02-07', 'Aplicación y control de motores', '04:48', '04:49', 'Desactivado', 2179794516, NULL, NULL, '2023-02-07'),
(30, 'Practica Libre', '2023-02-07', 'Aplicación y control de motores', '04:54', '04:55', 'Desactivado', 2179794516, NULL, NULL, '2023-02-07'),
(31, 'Practica Libre', '2023-02-08', 'Aplicación y control de motores', '01:20', '01:23', 'Desactivado', 2179794516, NULL, NULL, '2023-02-08'),
(32, 'Practica Libre', '2023-02-08', 'Aplicación y control de motores', '01:29', '01:30', 'Desactivado', 2179794516, NULL, NULL, '2023-02-08'),
(33, 'Practica Libre', '2023-02-08', 'Aplicación y control de motores', '01:49', '03:21', 'Desactivado', 2179794516, NULL, NULL, '2023-02-08'),
(34, 'Practica Libre', '2023-02-08', 'Aplicación y control de motores', '03:14', '03:23', 'Desactivado', 2179794516, NULL, NULL, '2023-02-08'),
(35, 'Practica Libre', '2023-02-08', 'Aplicación y control de motores', '03:17', '03:23', 'Desactivado', 2179794516, NULL, NULL, '2023-02-08'),
(36, 'Practica Libre', '2023-02-08', 'Aplicación y control de motores', '03:22', '03:23', 'Desactivado', 2179794516, NULL, NULL, '2023-02-08'),
(37, 'Practica Libre', '2023-02-08', 'Aplicación y control de motores', '03:30', '03:32', 'Desactivado', 2179794516, NULL, NULL, '2023-02-08'),
(39, 'Practica Libre', '2023-02-09', 'Aplicación y control de motores', '12:12', '12:15', 'Desactivado', 2179794516, NULL, NULL, '2023-02-09'),
(40, 'Practica Libre', '2023-02-09', 'Aplicación y control de motores', '02:05', '02:07', 'Desactivado', 2179794516, NULL, NULL, '2023-02-09'),
(41, 'Practica Libre', '2023-02-09', 'Aplicación y control de motores', '02:09', '02:10', 'Desactivado', 2179794516, NULL, NULL, '2023-02-09'),
(42, 'Practica Libre', '2023-02-09', 'Aplicación y control de motores', '02:15', '02:26', 'Desactivado', 2179794516, NULL, NULL, '2023-02-09'),
(43, 'Practica Libre', '2023-02-09', 'Aplicación y control de motores', '02:23', '02:26', 'Desactivado', 2179794516, NULL, NULL, '2023-02-09'),
(44, 'Practica Libre', '2023-02-09', 'Aplicación y control de motores', '02:29', '02:32', 'Desactivado', 2179794516, NULL, NULL, '2023-02-09'),
(45, 'Practica Libre', '2023-02-09', 'Aplicación y control de motores', '02:41', '02:50', 'Desactivado', 2179794516, NULL, NULL, '2023-02-09'),
(46, 'Practica Libre', '2023-02-09', 'Aplicación y control de motores', '03:10', '03:11', 'Desactivado', 2179794516, NULL, NULL, '2023-02-09'),
(47, 'Practica Libre', '2023-02-10', 'Aplicación y control de motores', '11:43', '11:43', 'Desactivado', 2179794516, NULL, NULL, '2023-02-10'),
(48, 'Practica Libre', '2023-02-10', 'Aplicación y control de motores', '11:50', '11:52', 'Desactivado', 2179794516, NULL, NULL, '2023-02-10'),
(49, 'Practica Libre', '2023-02-10', 'Aplicación y control de motores', '11:53', '11:57', 'Desactivado', 2179794516, NULL, NULL, '2023-02-10'),
(50, 'Practica Libre', '2023-02-10', 'Aplicación y control de motores', '08:18', '10:00', 'Desactivado', 2179794516, NULL, NULL, '2023-02-10'),
(51, 'Practica Libre', '2023-02-22', 'Aplicación y control de motores', '08:18', '10:00', 'Desactivado', 2179794516, NULL, NULL, '2023-02-22'),
(52, 'Casa', NULL, 'Digital 1', '12:19', '12:19', 'Desactivado', 3945993389, '2023-03-03', '2023-05-25', '2023-02-24'),
(56, 'Practica Libre', '2023-02-27', 'Aplicación y control de motores', '12:17', '12:18', 'Desactivado', 2179794516, NULL, NULL, '2023-02-27'),
(58, 'Casa', NULL, 'Digital 1', '12:18', '12:18', 'Desactivado', 2158818114, '2023-02-28', '2023-06-02', '2023-02-27'),
(61, 'Practica Libre', '2023-03-01', 'Circuitos Eléctricos II', '09:59', '12:06', 'Desactivado', 1931811494, NULL, NULL, '2023-02-28'),
(64, 'Casa', NULL, 'Digital 1', '12:18', '12:18', 'Desactivado', 1932389702, '2023-03-01', '2023-06-06', '2023-03-01'),
(65, 'Casa', NULL, 'Digital 1', '12:17', '12:17', 'Desactivado', 1927681090, '2023-03-01', '2023-06-08', '2023-03-01'),
(66, 'Practica Libre', '2023-03-01', 'Circuitos Eléctricos II', '09:31', '01:23', 'Desactivado', 1932386678, NULL, NULL, '2023-03-01'),
(67, 'Practica Libre', '2023-03-01', 'Circuitos eléctricos II', '14:00', '14:30', 'Sin Activar', 1928377810, NULL, NULL, '2023-03-01'),
(68, 'Practica Libre', '2023-03-01', 'Aplicación y control de motores', '14:03', '15:03', 'Sin Activar', 2179794516, NULL, NULL, '2023-03-01'),
(69, 'Clase', '2023-03-01', 'Electrónica Análoga I', '03:10', '04:06', 'Desactivado', 759951933, NULL, NULL, '2023-03-01'),
(71, 'Clase', '2023-03-02', 'Circuitos Eléctricos II', '08:39', '11:00', 'Activo', 1932366166, NULL, NULL, '2023-03-01'),
(74, 'Clase', '2023-03-02', 'Circuitos Eléctricos II', '11:00', '13:00', 'Sin Activar', 2179817892, NULL, NULL, '2023-03-01'),
(75, 'Clase', '2023-03-02', 'Circuitos Eléctricos II', '09:00', '11:00', 'Sin Activar', 1931811494, NULL, NULL, '2023-03-01'),
(76, 'Clase', '2023-03-02', 'Circuitos Eléctricos II', '11:00', '13:00', 'Sin Activar', 1932257142, NULL, NULL, '2023-03-01'),
(78, 'Clase', '2023-03-02', 'Circuitos Eléctricos II', '09:00', '11:00', 'Sin Activar', 1932517238, NULL, NULL, '2023-03-02'),
(79, 'Practica Libre', '2023-03-02', 'Aplicación y control de motores', '08:46', '09:46', 'Sin Activar', 2179794516, NULL, NULL, '2023-03-02');

-- --------------------------------------------------------

--
-- Estructura de tabla para la tabla `requests_equipment_codes`
--

CREATE TABLE `requests_equipment_codes` (
  `rec_id` int(11) NOT NULL,
  `request_id` int(11) DEFAULT NULL,
  `ti_un` bigint(20) DEFAULT NULL,
  `equipment_id` int(11) DEFAULT NULL,
  `code_id` int(11) DEFAULT NULL,
  `state` varchar(16) DEFAULT NULL
) ENGINE=InnoDB DEFAULT CHARSET=utf8;

--
-- Volcado de datos para la tabla `requests_equipment_codes`
--

INSERT INTO `requests_equipment_codes` (`rec_id`, `request_id`, `ti_un`, `equipment_id`, `code_id`, `state`) VALUES
(52, 14, 1001298813, 8, 8, 'Archivado'),
(54, 14, 1001298813, 8, 10, 'Archivado'),
(57, 16, 1002740817, 164, 418, 'Desactivado'),
(58, 16, 1002740817, 167, 412, 'Activo'),
(60, 17, 1002740817, 243, NULL, 'Sin Activar'),
(61, 17, 1002740817, 167, 412, 'Activo'),
(63, 18, 1002740817, 164, 418, 'Activo'),
(64, 19, 1077133723, 207, NULL, 'Sin Activar'),
(67, 19, 1077133723, 49, 150, 'Activo'),
(68, 19, 1077133723, 49, 150, 'Activo'),
(69, 19, 1077133723, 152, NULL, 'Sin Activar'),
(70, 19, 1077133723, 152, NULL, 'Sin Activar'),
(71, 20, 1077133723, 207, NULL, 'Sin Activar'),
(72, 20, 1077133723, 207, NULL, 'Sin Activar'),
(73, 20, 1077133723, 207, NULL, 'Sin Activar'),
(74, 20, 1077133723, 207, NULL, 'Sin Activar'),
(75, 20, 1077133723, 207, NULL, 'Sin Activar'),
(76, 20, 1077133723, 207, NULL, 'Sin Activar'),
(77, 20, 1077133723, 207, NULL, 'Sin Activar'),
(78, 20, 1077133723, 207, NULL, 'Sin Activar'),
(79, 20, 1077133723, 207, NULL, 'Sin Activar'),
(80, 20, 1077133723, 207, NULL, 'Sin Activar'),
(81, 19, 1077133723, 20, 23, 'Activo'),
(85, 22, 2179794516, NULL, NULL, 'Sin Activar'),
(86, 22, 2179794516, 247, NULL, 'Sin Activar'),
(87, 23, 2179794516, 247, NULL, 'Sin Activar'),
(88, 23, 2179794516, 247, NULL, 'Sin Activar'),
(89, 23, 2179794516, 247, NULL, 'Sin Activar'),
(91, 23, 2179794516, 8, 8, 'Activo'),
(100, 26, 2179794516, 49, 150, 'Activo'),
(102, 27, 2179794516, 49, 150, 'Activo'),
(103, 27, 2179794516, 164, 399, 'Activo'),
(104, 27, 2179794516, 10, 10, 'Activo'),
(105, 27, 2179794516, 11, 11, 'Activo'),
(106, 25, 2179794516, 8, 8, 'Activo'),
(108, 25, 2179794516, 261, 979, 'Activo'),
(109, 25, 2179794516, 261, 979, 'Activo'),
(110, 25, 2179794516, 176, 452, 'Activo'),
(111, 25, 2179794516, 184, 468, 'Activo'),
(112, 26, 2179794516, 184, 468, 'Activo'),
(114, 28, 2179794516, 261, 979, 'Activo'),
(116, 29, 2179794516, 202, NULL, 'Sin Activar'),
(117, 26, 2179794516, 176, 452, 'Activo'),
(118, 30, 2179794516, NULL, NULL, 'Sin Activar'),
(119, 30, 2179794516, 176, 452, 'Activo'),
(120, 31, 2179794516, NULL, NULL, 'Sin Activar'),
(121, 31, 2179794516, NULL, NULL, 'Sin Activar'),
(127, 31, 2179794516, 285, 14, 'Activo'),
(128, 31, 2179794516, 285, 14, 'Activo'),
(129, 31, 2179794516, 285, 14, 'Activo'),
(130, 31, 2179794516, 272, 1546, 'Activo'),
(131, 32, 2179794516, 260, 922, 'Activo'),
(132, 33, 2179794516, 272, NULL, 'Sin Activar'),
(133, 33, 2179794516, 8, NULL, 'Sin Activar'),
(134, 33, 2179794516, 8, NULL, 'Sin Activar'),
(135, 33, 2179794516, 8, NULL, 'Sin Activar'),
(138, 34, 2179794516, 272, NULL, 'Sin Activar'),
(139, 34, 2179794516, 176, 452, 'Activo'),
(142, 36, 2179794516, 272, NULL, 'Sin Activar'),
(143, 36, 2179794516, 210, 558, 'Desactivado'),
(144, 36, 2179794516, 176, 452, 'Activo'),
(149, 37, 2179794516, 176, 452, 'Activo'),
(150, 37, 2179794516, 210, 558, 'Activo'),
(154, 37, 2179794516, 175, 446, 'Activo'),
(160, 39, 2179794516, 164, 418, 'Activo'),
(161, 39, 2179794516, 49, 156, 'Activo'),
(174, 45, 2179794516, 210, 558, 'Activo'),
(175, 45, 2179794516, 210, 559, 'Activo'),
(176, 45, 2179794516, 209, 557, 'Activo'),
(177, 45, 2179794516, 209, 556, 'Activo'),
(179, 46, 2179794516, 185, NULL, 'Sin Activar'),
(180, 46, 2179794516, 163, 397, 'Activo'),
(181, 46, 2179794516, 175, 446, 'Activo'),
(188, 49, 2179794516, 270, 1534, 'Activo'),
(189, 50, 2179794516, 269, NULL, 'Sin Activar'),
(190, 50, 2179794516, 164, 399, 'Activo'),
(191, 51, 2179794516, 260, NULL, 'Sin Activar'),
(192, 56, 2179794516, 184, NULL, 'Sin Activar'),
(193, 58, 2158818114, 260, NULL, 'Sin Activar'),
(194, 61, 1931811494, NULL, NULL, 'Sin Activar'),
(195, 61, 1931811494, NULL, NULL, 'Sin Activar'),
(196, 61, 1931811494, NULL, NULL, 'Sin Activar'),
(197, 64, 1932389702, NULL, NULL, 'Sin Activar'),
(198, 65, 1927681090, 260, NULL, 'Sin Activar'),
(199, 64, 1932389702, NULL, NULL, 'Sin Activar'),
(200, 64, 1932389702, NULL, NULL, 'Sin Activar'),
(201, 64, 1932389702, 260, NULL, 'Sin Activar'),
(202, 61, 1931811494, 38, NULL, 'Sin Activar'),
(204, 61, 1931811494, 164, NULL, 'Sin Activar'),
(205, 61, 1931811494, 158, 385, 'Activo'),
(206, 61, 1931811494, 58, NULL, 'Sin Activar'),
(207, 61, 1931811494, 285, 14, 'Activo'),
(208, 61, 1931811494, 285, 14, 'Activo'),
(211, 66, 1932386678, 154, NULL, 'Sin Activar'),
(216, 66, 1932386678, 2, NULL, 'Sin Activar'),
(217, 66, 1932386678, 2, NULL, 'Sin Activar'),
(218, 66, 1932386678, 2, NULL, 'Sin Activar'),
(219, 66, 1932386678, 250, 689, 'Activo'),
(220, 66, 1932386678, 32, 74, 'Activo'),
(221, 66, 1932386678, 32, 74, 'Activo'),
(222, 66, 1932386678, 60, 205, 'Activo'),
(223, 66, 1932386678, 164, 421, 'Activo'),
(224, 66, 1932386678, 5, 5, 'Activo'),
(225, 66, 1932386678, 16, 16, 'Activo'),
(226, 61, 1931811494, 287, 1575, 'Activo'),
(227, 61, 1931811494, 164, 399, 'Activo'),
(228, 61, 1931811494, 60, 206, 'Activo'),
(229, 65, 1927681090, 49, 150, 'Activo'),
(230, 56, 2179794516, 49, 150, 'Activo'),
(231, 58, 2158818114, 49, 150, 'Activo'),
(232, 64, 1932389702, 49, 150, 'Activo'),
(233, 52, 3945993389, 49, 150, 'Activo'),
(234, 67, 1928377810, NULL, NULL, 'Sin Activar'),
(235, 67, 1928377810, NULL, NULL, 'Sin Activar'),
(236, 67, 1928377810, NULL, NULL, 'Sin Activar'),
(237, 67, 1928377810, NULL, NULL, 'Sin Activar'),
(238, 68, 2179794516, 269, NULL, 'Sin Activar'),
(242, 69, 759951933, 17, NULL, 'Sin Activar'),
(243, 69, 759951933, 17, NULL, 'Sin Activar'),
(244, 69, 759951933, 164, 415, 'Activo'),
(245, 69, 759951933, 155, 380, 'Activo'),
(250, 69, 759951933, 2, 2, 'Activo'),
(251, 69, 759951933, 2, 2, 'Activo'),
(252, 69, 759951933, 17, 17, 'Activo'),
(253, 69, 759951933, 20, 23, 'Activo'),
(254, 71, 1932366166, 271, NULL, 'Sin Activar'),
(255, 71, 1932366166, 8, NULL, 'Sin Activar'),
(256, 71, 1932366166, 8, NULL, 'Sin Activar'),
(257, 71, 1932366166, 8, NULL, 'Sin Activar'),
(258, 71, 1932366166, 8, NULL, 'Sin Activar'),
(259, 71, 1932366166, 8, NULL, 'Sin Activar'),
(260, 71, 1932366166, 8, NULL, 'Sin Activar'),
(261, 71, 1932366166, 8, NULL, 'Sin Activar'),
(262, 71, 1932366166, 8, NULL, 'Sin Activar'),
(263, 71, 1932366166, 8, NULL, 'Sin Activar'),
(264, 71, 1932366166, 8, NULL, 'Sin Activar'),
(265, 71, 1932366166, NULL, NULL, 'Sin Activar'),
(266, 71, 1932366166, NULL, NULL, 'Sin Activar'),
(267, 71, 1932366166, NULL, NULL, 'Sin Activar'),
(268, 71, 1932366166, NULL, NULL, 'Sin Activar'),
(269, 71, 1932366166, NULL, NULL, 'Sin Activar'),
(271, 71, 1932366166, NULL, NULL, 'Sin Activar'),
(272, 71, 1932366166, 159, NULL, 'Sin Activar'),
(273, 71, 1932366166, 164, NULL, 'Sin Activar'),
(279, 71, 1932366166, 17, NULL, 'Sin Activar'),
(280, 71, 1932366166, 17, NULL, 'Sin Activar'),
(281, 71, 1932366166, 17, NULL, 'Sin Activar'),
(282, 71, 1932366166, 250, 689, 'Activo'),
(283, 71, 1932366166, 150, NULL, 'Sin Activar'),
(284, 71, 1932366166, 150, NULL, 'Sin Activar'),
(285, 71, 1932366166, 150, NULL, 'Sin Activar'),
(286, 71, 1932366166, 150, NULL, 'Sin Activar'),
(287, 71, 1932366166, 150, NULL, 'Sin Activar'),
(299, 75, 1931811494, 270, NULL, 'Sin Activar'),
(301, 75, 1931811494, 158, NULL, 'Sin Activar'),
(302, 75, 1931811494, NULL, NULL, 'Sin Activar'),
(303, 75, 1931811494, 167, NULL, 'Sin Activar'),
(304, 74, 2179817892, 167, NULL, 'Sin Activar'),
(305, 74, 2179817892, 158, NULL, 'Sin Activar'),
(306, 75, 1931811494, 285, NULL, 'Sin Activar'),
(307, 75, 1931811494, 285, NULL, 'Sin Activar'),
(308, 75, 1931811494, 285, NULL, 'Sin Activar'),
(309, 74, 2179817892, 285, NULL, 'Sin Activar'),
(310, 74, 2179817892, 285, NULL, 'Sin Activar'),
(311, 74, 2179817892, 285, NULL, 'Sin Activar'),
(312, 74, 2179817892, 2, NULL, 'Sin Activar'),
(313, 74, 2179817892, 2, NULL, 'Sin Activar'),
(314, 74, 2179817892, 2, NULL, 'Sin Activar'),
(315, 74, 2179817892, 2, NULL, 'Sin Activar'),
(316, 75, 1931811494, 2, NULL, 'Sin Activar'),
(317, 75, 1931811494, 2, NULL, 'Sin Activar'),
(318, 75, 1931811494, 2, NULL, 'Sin Activar'),
(319, 75, 1931811494, 2, NULL, 'Sin Activar'),
(320, 74, 2179817892, 250, NULL, 'Sin Activar'),
(321, 75, 1931811494, 250, NULL, 'Sin Activar'),
(322, 76, 1932257142, NULL, NULL, 'Sin Activar'),
(323, 76, 1932257142, NULL, NULL, 'Sin Activar'),
(324, 76, 1932257142, 19, NULL, 'Sin Activar'),
(325, 76, 1932257142, 19, NULL, 'Sin Activar'),
(326, 76, 1932257142, 19, NULL, 'Sin Activar'),
(327, 76, 1932257142, 158, NULL, 'Sin Activar'),
(328, 76, 1932257142, 167, NULL, 'Sin Activar'),
(329, 76, 1932257142, 2, NULL, 'Sin Activar'),
(330, 76, 1932257142, 2, NULL, 'Sin Activar'),
(331, 76, 1932257142, 2, NULL, 'Sin Activar'),
(332, 76, 1932257142, 2, NULL, 'Sin Activar'),
(333, 76, 1932257142, 250, NULL, 'Sin Activar'),
(344, 78, 1932517238, NULL, NULL, 'Sin Activar'),
(345, 78, 1932517238, NULL, NULL, 'Sin Activar'),
(346, 78, 1932517238, NULL, NULL, 'Sin Activar'),
(347, 78, 1932517238, NULL, NULL, 'Sin Activar'),
(348, 78, 1932517238, NULL, NULL, 'Sin Activar'),
(349, 78, 1932517238, NULL, NULL, 'Sin Activar'),
(350, 78, 1932517238, NULL, NULL, 'Sin Activar'),
(351, 78, 1932517238, NULL, NULL, 'Sin Activar'),
(352, 78, 1932517238, NULL, NULL, 'Sin Activar');

-- --------------------------------------------------------

--
-- Estructura de tabla para la tabla `students`
--

CREATE TABLE `students` (
  `ti_un` bigint(20) NOT NULL,
  `name` varchar(128) DEFAULT NULL,
  `last_name` varchar(128) DEFAULT NULL,
  `email` varchar(128) DEFAULT NULL,
  `username` varchar(128) DEFAULT NULL,
  `pass` bigint(20) DEFAULT NULL,
  `document_type` varchar(128) DEFAULT NULL,
  `document` bigint(20) DEFAULT NULL
) ENGINE=InnoDB DEFAULT CHARSET=utf8;

--
-- Volcado de datos para la tabla `students`
--

INSERT INTO `students` (`ti_un`, `name`, `last_name`, `email`, `username`, `pass`, `document_type`, `document`) VALUES
(79734186, 'DANIEL HERNANDO', 'CAMPOS OSPINA', 'dhcamposo@unal.edu.co', 'dhcamposo', 79734186, 'cedula', 79734186),
(80759456, 'JUAN ALONSO', 'RUBIANO PORTELA', 'juarubianopo@unal.edu.co', 'juarubianopo', 80759456, 'cedula', 80759456),
(83686206, 'SEBASTIAN', 'BETANCOURT PEÑARANDA', 'sbetancourtp@unal.edu.co', 'sbetancourtp', 1016089847, 'cedula', 1016089847),
(759951933, 'JONATHAN ANDRES', 'JIMENEZ TRUJILLO', 'jojimenezt@unal.edu.co', 'jojimenezt', 1000334330, 'cedula', 1000334330),
(760454253, 'YULI FERNANDA', 'ALPALA CUASPA', 'yalpalac@unal.edu.co', 'yalpalac', 1004691221, 'cedula', 1004691221),
(1000143255, 'DIANA SOFIA', 'LOPEZ CARDENAS', 'dialopez@unal.edu.co', 'dialopez', 1000143255, 'cedula', 1000143255),
(1000287287, 'GERMAN CAMILO', 'CHACON PEDRAZA', 'gchacon@unal.edu.co', 'gchacon', 1000287287, 'cedula', 1000287287),
(1000733778, 'DANIEL SANTIAGO', 'ROBAYO RICO', 'drobayo@unal.edu.co', 'drobayo', 1000733778, 'cedula', 1000733778),
(1000940562, 'HANS FELIPE', 'PERALTA SANCHEZ', 'hperalta@unal.edu.co', 'hperalta', 1000940562, 'cedula', 1000940562),
(1000988713, 'GISELLE ALEJANDRA', 'MOJICA RODRIGUEZ', 'gmojicar@unal.edu.co', 'gmojicar', 1000988713, 'cedula', 1000988713),
(1001167136, 'ERICK SANTIAGO', 'CEPEDA ALVAREZ', 'ercepeda@unal.edu.co', 'ercepeda', 1001167136, 'cedula', 1001167136),
(1001202069, 'Juan Camilo', 'Cardona Altuzarra', 'juacardonaal@unal.edu.co', 'juacardonaal', 1001202069, 'cedula', 1001202069),
(1001297248, 'Sara Valentina', 'Beltrán 	Rodríguez', 'sabeltranr@unal.edu.co', 'sabeltranr', 1001297248, 'cedula', 1001297248),
(1001298813, 'Harrison', 'Angel Pineda', 'hangelp@unal.edu.co', 'hangelp', 1001298813, 'cedula', 1001298813),
(1001851413, 'JUAN MIGUEL', 'ACUÑA FRANCO', 'jacunaf@unal.edu.co', 'jacunaf', 1001851413, 'cedula', 1001851413),
(1002740817, 'Juan Manuel', 'Ballesteros Guio', 'juballesterosg@unal.edu.co', 'juballesterosg', 1002740817, 'cedula', 1002740817),
(1003515638, 'PEDRO ALEJANDRO', 'ALVARADO MAYORGA', 'palvaradom@unal.edu.co', 'palvaradom', 1003515638, 'cedula', 1003515638),
(1006408693, 'JEIMMY ALEXANDRA', 'PINTO ACONCHA', 'jepintoa@unal.edu.co', 'jepintoa', 1006408693, 'cedula', 1006408693),
(1006886939, 'DELWIN JOSE', 'PADILLA PADILLA', 'dpadilla@unal.edu.co', 'dpadilla', 1006886939, 'cedula', 1006886939),
(1007096581, 'Sebastian Andres', 'Reyes Romero', 'sreyesro@unal.edu.co', 'sreyesro', 1007096581, 'cedula', 1007096581),
(1010005010, 'Camila ', 'Ospina Arias', 'caospinaa@unal.edu.co', 'caospinaa', 1010005010, 'cedula', 1010005010),
(1010029022, 'ALEJANDRO', 'RAMIREZ GOMEZ', 'aleramirezgo@unal.edu.co', 'aleramirezgo', 1010029022, 'cedula', 1010029022),
(1010134423, 'MATEO', 'BERNAL BONIL', 'mabernalbo@unal.edu.co', 'mabernalbo', 1010134423, 'cedula', 1010134423),
(1013098116, 'Santiago ', 'Villegas Castillo', 'savillegas@unal.edu.co', 'savillegas', 1013098116, 'cedula', 1013098116),
(1013101679, 'SAMUEL DAVID', 'BERMUDEZ CHAPARRO', 'sabermudez@unal.edu.co', 'sabermudez', 1013101679, 'cedula', 1013101679),
(1013104906, 'Valentina', 'Gomez Carrero', 'vagomezca@unal.edu.co', 'vagomezca', 1013104906, 'cedula', 1013104906),
(1014181383, 'Juan David ', 'Robles Cabanzo', 'jurobles@unal.edu.co', 'jurobles', 1014181383, 'cedula', 1014181383),
(1014197600, 'ESTEBAN ALEJANDRO', 'GONZALEZ', 'eagonzalez@unal.edu.co', 'eagonzalez', 1014197600, 'cedula', 1014197600),
(1014279080, 'Nicolas ', 'Cañon Bastidas', 'ncanonb@unal.edu.co', 'ncanonb', 1014279080, 'cedula', 1014279080),
(1014301118, 'JUAN CAMILO', 'MORENO ORJUELA', 'jmorenoor@unal.edu.co', 'jmorenoor', 1014301118, 'cedula', 1014301118),
(1014736429, 'Esteban ', 'Rojas Castro', 'esrojas@unal.edu.co', 'esrojas', 1014736429, 'cedula', 1014736429),
(1016945902, 'SANTIAGO', 'BOHÓRQUEZ RODRÍGUEZ', 'sbohorquezr@unal.edu.co', 'sbohorquezr', 1016945902, 'cedula', 1016945902),
(1019123574, 'DAVID ENRIQUE', 'SANTOS BORJA', 'daesantosbo@unal.edu.co', 'daesantosbo', 1019123574, 'cedula', 1019123574),
(1019842300, 'Pedro Arturo ', 'Avellaneda Burgos', 'pavellaneda@unal.edu.co', 'pavellaneda', 1019842300, 'cedula', 1019842300),
(1020803135, 'Juan Antonio', 'Barragan Noguera', 'jabarragann@unal.edu.co', 'jabarragann', 1020803135, 'cedula', 1020803135),
(1020830860, 'Duvan Esteban', 'Gonzalez Lopez', 'duvanlopez@unal.edu.co', 'duvanlopez', 1020830860, 'cedula', 1020830860),
(1022331255, 'JIMMY ALEXANDER', 'BLANCO PLAZAS', 'jiblancop@unal.edu.co', 'jiblancop', 1022331255, 'cedula', 1022331255),
(1022412402, 'DANIEL ESTEBAN', 'RODRIGUEZ TORRES', 'danrodriguezto@unal.edu.co', 'danrodriguezto', 1022412402, 'cedula', 1022412402),
(1022420574, 'MIGUEL ANGEL', 'RODRIGUEZ GOMEZ', 'miarodriguezgo@unal.edu.co', 'miarodriguezgo', 1022420574, 'cedula', 1022420574),
(1023242467, 'Carlos Felipe', 'Callejas Cuellar', 'ccallejasc@unal.edu.co', 'ccallejasc', 1023242467, 'cedula', 1023242467),
(1023363059, 'Johan Farith ', 'Canelo Gonzalez', 'jcanelo@unal.edu.co', 'jcanelo', 1023363059, 'cedula', 1023363059),
(1023367640, 'Andres Felipe', 'Rodriguez Correa', 'anrodriguezcor@unal.edu.co', 'anrodriguezcor', 1023367640, 'cedula', 1023367640),
(1024581966, 'GERMAN ANDRES', 'JEJEN CORTES', 'gjejen@unal.edu.co', 'gjejen', 1024581966, 'cedula', 1024581966),
(1025460687, 'JOSE SANTIAGO', 'SOLER SIZA', 'jsolers@unal.edu.co', 'jsolers', 1025460687, 'cedula', 1025460687),
(1032490971, 'KISHVARI', 'OSORIO DELGADO', 'kosoriod@unal.edu.co', 'kosoriod', 1032490971, 'cedula', 1032490971),
(1032493498, 'JOHAN NICOLAS', 'CASTRO GARAY', 'jncastrog@unal.edu.co', 'jncastrog', 1032493498, 'cedula', 1032493498),
(1032497840, 'GUSTAVO', 'OLARTE ROMERO', 'golarter@unal.edu.co', 'golarter', 1032497840, 'cedula', 1032497840),
(1034403098, 'JUAN SEBASTIAN', 'VALERO GONZALEZ', 'JUVALEROG@UNAL.EDU.CO', 'JUVALEROG', 1034403098, 'cedula', 1034403098),
(1052378706, 'KAREN NATALIA', 'PINZON BARRERA', 'kpinzonb@unal.edu.co', 'kpinzonb', 1052378706, 'cedula', 1052378706),
(1057544365, 'Jimena ', 'Rojas Baez', 'jrojasba@unal.edu.co', 'jrojasba', 1057544365, 'cedula', 1057544365),
(1063592421, 'SEYKARIM RAFAEL', 'MESTRE ZALABATA', 'srmestrez@unal.edu.co', 'srmestrez', 1063592421, 'cedula', 1063592421),
(1072098420, 'Nicolas ', 'Zarate Acosta', 'nzarate@unal.edu.co', 'nzarate', 1072098420, 'cedula', 1072098420),
(1072675255, 'DANIEL FELIPE', 'CHAPARRO JIMENEZ', 'dchaparroj@unal.edu.co', 'dchaparroj', 1072675255, 'cedula', 1072675255),
(1073380411, 'David Felipe ', 'Yaya Murcia', 'dyaya@unal.edu.co', 'dyaya', 1073380411, 'cedula', 1073380411),
(1073708119, 'BRAYAN ESTIBEL', 'PEÑA MARTINEZ', 'bpenam@unal.edu.co', 'bpenam', 1073708119, 'cedula', 1073708119),
(1076241171, 'SANTIAGO', 'MAYORGA TORRES', 'samayorgat@unal.edu.co', 'samayorgat', 1076241171, 'cedula', 1076241171),
(1077133723, 'Johan Elias', 'Quiroga Quintero', 'jequirogaq@unal.edu.co', 'jequirogaq', 1022404295, 'cedula', 1022404295),
(1077257915, 'CARLOS YEZID', 'RUBIO MUÑOZ', 'cyrubiom@unal.edu.co', 'cyrubiom', 1013606487, 'cedula', 1013606487),
(1077353995, 'DAVID GUSTAVO', 'BARONA CEPEDA', 'dgbaronac@unal.edu.co', 'dgbaronac', 1022360566, 'cedula', 1022360566),
(1077505467, 'LUIS ANTONIO', 'RODRIGUEZ PEREZ', 'luiarodriguezper@unal.edu.co', 'luiarodriguezper', 1014252778, 'cedula', 1014252778),
(1077797051, 'JUAN STEVEN', 'MONTENEGRO PENAGOS', 'jusmontenegrope@unal.edu.co', 'jusmontenegrope', 1030654009, 'cedula', 1030654009),
(1077956299, 'RUBEN LIBARDO', 'UMAÑA RODRIGUEZ', 'rlumanar@unal.edu.co', 'rlumanar', 1073243258, 'cedula', 1073243258),
(1078011819, 'JEISSON ANDRES', 'ABELLO GARZON', 'jaabellog@unal.edu.co', 'jaabellog', 1013616331, 'cedula', 1013616331),
(1078052267, 'MAURICIO ALEJANDRO', 'ALVAREZ ALVAREZ', 'maalvareza@unal.edu.co', 'maalvareza', 1003194303, 'cedula', 1003194303),
(1082832057, 'Hillary Alexandra ', 'Vergel Molina', 'avergel@unal.edu.co', 'avergel', 1082832057, 'cedula', 1082832057),
(1087212664, 'JOSE ANDRES', 'REINA URBANO', 'jreinau@unal.edu.co', 'jreinau', 1087212664, 'cedula', 1087212664),
(1103094282, 'Ever Jose', 'Ortega Jorge', 'evortegag@unal.edu.co', 'evortegag', 1103094282, 'cedula', 1103094282),
(1107523131, 'mauricio', ' potes rodriguez', 'mpotesr@unal.edu.co', 'mpotesr', 1107523131, 'cedula', 1107523131),
(1111122093, 'Cesar Andres', 'Vargas Molina', 'cvargasmo@unal.edu.co', 'cvargasmo', 1111122093, 'cedula', 1111122093),
(1121954115, 'JULIAN CAMILO', 'MELO HERNANDEZ', 'jcmeloh@unal.edu.co', 'jcmeloh', 1121954115, 'cedula', 1121954115),
(1121955114, 'Camilo Andres', 'Caballero Rodriguez', 'ccaballeror@unal.edu.co', 'ccaballeror', 1121955114, 'cedula', 1121955114),
(1121969019, 'Juan Guillermo', 'Ortegon Galindo', 'juortegong@unal.edu.co', 'juortegong', 1121969019, 'cedula', 1121969019),
(1123431631, 'PAULINA', 'JIMENEZ VARGAS', 'pajimenezv@unal.edu.co', 'pajimenezv', 1123431631, 'cedula', 1123431631),
(1130910054, 'OSCAR JULIAN', 'UMAÑA BENAVIDES', 'ojumanab@unal.edu.co', 'ojumanab', 1233894128, 'cedula', 1233894128),
(1131155590, 'NICOLAS', 'MORENO ZAMORA', 'nmorenoz@unal.edu.co', 'nmorenoz', 1030675258, 'cedula', 1030675258),
(1193553596, 'Lorena Alejandra', 'Velasquez Bolaños', 'lovelasquezb@unal.edu.co', 'lovelasquezb', 1193553596, 'cedula', 1193553596),
(1193586824, 'DAVIDSON CAMILO', 'ACUÑA ROMERO', 'dacunar@unal.edu.co', 'dacunar', 1193586824, 'cedula', 1193586824),
(1366105054, 'CAMILO ANDRES', 'ROBLES LOMBANA', 'croblesl@unal.edu.co', 'croblesl', 1115692205, 'cedula', 1115692205),
(1366373502, 'CARLOS ANDRES', 'GALAN PEREZ', 'cgalanp@unal.edu.co', 'cgalanp', 1055228051, 'cedula', 1055228051),
(1366482942, 'EDDY SANTIAGO', 'DELGADO CARO', 'esdelgadoca@unal.edu.co', 'esdelgadoca', 1018509476, 'cedula', 1018509476),
(1366602494, 'MATEO', 'ALVAREZ LEON', 'maalvarezle@unal.edu.co', 'maalvarezle', 1014301945, 'cedula', 1014301945),
(1366675534, 'Esteban', 'Ladino  Fajardo', 'eladinof@unal.edu.co', 'eladinof', 1032509108, 'cedula', 1032509108),
(1366693902, 'INDIRA NICOLLE', 'PULGAR CARREÑO', 'inpulgarca@unal.edu.co', 'inpulgarca', 1123636050, 'cedula', 1123636050),
(1366949614, 'DAVID ESTEBAN', 'SAAVEDRA FONSECA', 'dsaavedraf@unal.edu.co', 'dsaavedraf', 1073250560, 'cedula', 1073250560),
(1366977134, 'CAMILO ANDRES', 'APRAEZ ZAMORA', 'capraezz@unal.edu.co', 'capraezz', 1006996122, 'cedula', 1006996122),
(1367017006, 'LAURA MARIA', 'RUIZ VALLEJO', 'lmruizva@unal.edu.co', 'lmruizva', 1003812418, 'cedula', 1003812418),
(1367110974, 'JAVIER DANILO', 'TOVAR RODRIGUEZ', 'datovarro@unal.edu.co', 'datovarro', 1022430703, 'cedula', 1022430703),
(1368245806, 'JUAN SEBASTIAN', 'DUQUE MALDONADO', 'jsduquema@unal.edu.co', 'jsduquema', 1020834213, 'cedula', 1020834213),
(1368853550, 'FELIPE', 'CRUZ VASQUEZ', 'fcruzv@unal.edu.co', 'fcruzv', 1020841890, 'cedula', 1020841890),
(1427858322, 'Johan Sebastian', 'Ruiz Araque', 'jruizar@unal.edu.co', 'jruizar', 1001700155, 'cedula', 1001700155),
(1745426566, 'JUAN CAMILO', 'DIAZ MONROY', 'jcdiazmo@unal.edu.co', 'jcdiazmo', 1030619017, 'cedula', 1030619017),
(1745445110, 'Jhoan Esteban', 'Castañeda Cubides', 'jhcastanedac@unal.edu.co', 'jhcastanedac', 1000456086, 'cedula', 1000456086),
(1745659078, 'NATALIA ANDREA', 'DUEÑAS SALAMANCA', 'nduenass@unal.edu.co', 'nduenass', 1001186889, 'cedula', 1001186889),
(1745665094, 'STEWART ANDRES', 'ANTOLINEZ ZAPATA', 'santolinez@unal.edu.co', 'santolinez', 1075650426, 'cedula', 1075650426),
(1745738790, 'SANTIAGO', 'VEGA HASTAMORIR', 'savega@unal.edu.co', 'savega', 1007557971, 'cedula', 1007557971),
(1745818198, 'ANDRES CAMILO', 'VARGAS DIAZ', 'andvargasdi@unal.edu.co', 'andvargasdi', 1005341465, 'cedula', 1005341465),
(1867779874, 'JUAN DAVID', 'VEGA AVILA', 'jvegaa@unal.edu.co', 'jvegaa', 1007668865, 'cedula', 1007668865),
(1867806866, 'Daniel Andres', 'Rojas Granados', 'drojasgr@unal.edu.co', 'drojasgr', 1010053945, 'cedula', 1010053945),
(1867811794, 'ANA ISABELLA', 'GOYENECHE FONSECA', 'anfonsecag@unal.edu.co', 'anfonsecag', 1192793310, 'cedula', 1192793310),
(1867815858, 'DEIMY XIOMARA', 'MURCIA CHAVARRIA', 'demurciac@unal.edu.co', 'demurciac', 1000936000, 'cedula', 1000936000),
(1867860770, 'VALENTINA', 'ACELAS RODRIGUEZ', 'vacelas@unal.edu.co', 'vacelas', 1005341094, 'cedula', 1005341094),
(1867880066, 'ANDRES SEBASTIAN', 'SERNA MONTAÑO', 'ansernam@unal.edu.co', 'ansernam', 1006574942, 'cedula', 1006574942),
(1867884002, 'JOSE MANUEL', 'VELASQUEZ SOTELO', 'jovelasquezs@unal.edu.co', 'jovelasquezs', 1004596915, 'cedula', 1004596915),
(1867891746, 'JULIAN RICARDO', 'CORZO CAMAYO', 'jcorzoc@unal.edu.co', 'jcorzoc', 1002299939, 'cedula', 1002299939),
(1867898434, 'CAMILO ANDRES', 'RODRIGUEZ NAVARRETE', 'caarodriguezna@unal.edu.co', 'caarodriguezna', 1014273890, 'cedula', 1014273890),
(1867901666, 'LINA MARIA', 'REDONDO NORATO', 'lredondo@unal.edu.co', 'lredondo', 1002522772, 'cedula', 1002522772),
(1867902978, 'JUAN JOSE', 'ROJAS ALVAREZ', 'jrojasac@unal.edu.co', 'jrojasac', 1003894009, 'cedula', 1003894009),
(1867912818, 'JUAN FELIPE', 'TORRES MANRIQUE', 'jutorresma@unal.edu.co', 'jutorresma', 1001297440, 'cedula', 1001297440),
(1867918498, 'NICOLAS', 'BETANCUR SANCHEZ', 'nbetancur@unal.edu.co', 'nbetancur', 1010023513, 'cedula', 1010023513),
(1867919330, 'CRISTIAN GILBERTO', 'MORA ARIAS', 'cmora@unal.edu.co', 'cmora', 1018511212, 'cedula', 1018511212),
(1867932194, 'MARIA CAMILA', 'SANCHEZ GOMEZ', 'marcsanchezgom@unal.edu.co', 'marcsanchezgom', 1019140861, 'cedula', 1019140861),
(1867935554, 'JUAN DANIEL', 'NOVA RUIZ', 'jnovar@unal.edu.co', 'jnovar', 1001205569, 'cedula', 1001205569),
(1867952562, 'ANDRES MAURICIO', 'MORALES MARTINEZ', 'amoralesma@unal.edu.co', 'amoralesma', 1001184801, 'cedula', 1001184801),
(1867963234, 'RAUL ANDRES', 'GUZMAN MAYORGA', 'raguzmanma@unal.edu.co', 'raguzmanma', 1013692150, 'cedula', 1013692150),
(1867987202, 'DANIEL FELIPE', 'VALBUENA REYES', 'dvalbuena@unal.edu.co', 'dvalbuena', 1193072861, 'cedula', 1193072861),
(1867993858, 'JUAN SEBASTIAN', 'MARTINEZ BOHORQUEZ', 'jumartinezbo@unal.edu.co', 'jumartinezbo', 1000836785, 'cedula', 1000836785),
(1927399858, 'CRISTIAN STIVEN', 'HOYOS PERALTA', 'crhoyosp@unal.edu.co', 'crhoyosp', 1006419579, 'cedula', 1006419579),
(1927447826, 'JUAN FELIPE', 'RATIVA SANCHEZ', 'jrativas@unal.edu.co', 'jrativas', 1193476801, 'cedula', 1193476801),
(1927477042, 'Michael Fabian', ' Medina Jaime', 'mimedinaj@unal.edu.co', 'mimedinaj', 1002537357, 'cedula', 1002537357),
(1927483698, 'NIRVANA GHERENNY', 'CERON MINOTA', 'nceronm@unal.edu.co', 'nceronm', 1004617513, 'cedula', 1004617513),
(1927487330, 'LEIDY CAROLINA', 'ARIAS ZERPA', 'lariasz@unal.edu.co', 'lariasz', 1126904094, 'cedula', 1126904094),
(1927549538, 'ANGIE VANESSA', 'SUAREZ FIGUEREDO', 'ansuarezf@unal.edu.co', 'ansuarezf', 1002459653, 'cedula', 1002459653),
(1927552578, 'DANIEL FELIPE', 'RODRIGUEZ RODRIGUEZ', 'danrodriguezro@unal.edu.co', 'danrodriguezro', 1000034539, 'cedula', 1000034539),
(1927605010, 'NICOLAS', 'MENDEZ PARRA', 'nimendezp@unal.edu.co', 'nimendezp', 1000794881, 'cedula', 1000794881),
(1927624082, 'KEVIN ALEXANDER', 'RODRIGUEZ FORERO', 'krodriguezf@unal.edu.co', 'krodriguezf', 1007101659, 'cedula', 1007101659),
(1927624370, 'ESTEBAN', 'MARTINEZ CASTRO', 'esmartinez@unal.edu.co', 'esmartinez', 1007403217, 'cedula', 1007403217),
(1927650386, 'Ángel David ', 'Ruiz 	Patiño ', 'anruizp@unal.edu.co', 'anruizp', 1000271366, 'cedula', 1000271366),
(1927680914, 'Angela Maria', 'Benavides Jojoa', 'abenavidesj@unal.edu.co', 'abenavidesj', 1006815806, 'cedula', 1006815806),
(1927681090, 'RICHARD ALEXANDER', 'SANCHEZ VELASQUEZ', 'risanchezv@unal.edu.co', 'risanchezv', 1007475612, 'cedula', 1007475612),
(1927746226, 'Sebastián Camilo', 'Castellanos	Solarte', 'scastellanoss@unal.edu.co', 'scastellanoss', 1002957510, 'cedula', 1002957510),
(1927765026, 'ANDRES FELIPE', 'AVILES MANCERA', 'aaviles@unal.edu.co', 'aaviles', 1000271828, 'cedula', 1000271828),
(1927772306, 'ALEJANDRO', 'MAHECHA ARANGO', 'almahechaa@unal.edu.co', 'almahechaa', 1000288058, 'cedula', 1000288058),
(1927803906, 'ANGIE CAROLINA', 'REYES VALDES', 'anreyesv@unal.edu.co', 'anreyesv', 1000256841, 'cedula', 1000256841),
(1927832914, 'JUAN ESTEBAN', 'LAVERDE MESA', 'jlaverdem@unal.edu.co', 'jlaverdem', 1000851912, 'cedula', 1000851912),
(1927835426, 'JAIME ANDRES', 'SANCHEZ PERALTA', 'jaasanchezpe@unal.edu.co', 'jaasanchezpe', 1053328649, 'cedula', 1053328649),
(1927842626, 'Angela  Sofia', 'Ortiz Oliveros', 'aortizol@unal.edu.co', 'aortizol', 1000213988, 'cedula', 1000213988),
(1927856994, 'MAURICIO', 'BECERRA RODRIGUEZ', 'mbecerraro@unal.edu.co', 'mbecerraro', 1000573879, 'cedula', 1000573879),
(1927868434, 'Gisseth Lorena', 'Báez Estupiñan', 'gbaeze@unal.edu.co', 'gbaeze', 1000158454, 'cedula', 1000158454),
(1927882674, 'NICOLAS', 'TORRES OROZCO', 'ntorreso@unal.edu.co', 'ntorreso', 1007727939, 'cedula', 1007727939),
(1927993186, 'ANDRES FELIPE', 'FIGUEROA QUINTERO', 'afigueroaq@unal.edu.co', 'afigueroaq', 1075790066, 'cedula', 1075790066),
(1928014530, 'JUAN DAVID', 'BARRERA SALAMANCA', 'jubarreras@unal.edu.co', 'jubarreras', 1002819529, 'cedula', 1002819529),
(1928026738, 'JULIAN ANTONIO', 'QUINTERO ALDANA', 'jquinteroal@unal.edu.co', 'jquinteroal', 1001096265, 'cedula', 1001096265),
(1928030738, 'DAVID ALEJANDRO', 'RIAÑO SARMIENTO', 'darianos@unal.edu.co', 'darianos', 1069757889, 'cedula', 1069757889),
(1928032034, 'Carlos Esteban', 'Venegas Garcia', 'cvenegas@unal.edu.co', 'cvenegas', 1000588535, 'cedula', 1000588535),
(1928050962, 'JHON MICHAEL', 'VALENCIA RENTERIA', 'jdvalenciar@unal.edu.co', 'jdvalenciar', 1007838649, 'cedula', 1007838649),
(1928060850, 'JUAN FELIPE', 'TRIANA AGUILERA', 'jutrianaa@unal.edu.co', 'jutrianaa', 1006876016, 'cedula', 1006876016),
(1928067698, 'MANUEL ANDRES', 'DAZA CAMARGO', 'madazac@unal.edu.co', 'madazac', 1006552277, 'cedula', 1006552277),
(1928148594, 'BRYAN STEVEN', 'PINILLA CASTRO', 'bpinillac@unal.edu.co', 'bpinillac', 1015473171, 'cedula', 1015473171),
(1928151122, 'JUAN NICOLÁS', 'CARVAJAL BARÓN', 'jncarvajalb@unal.edu.co', 'jncarvajalb', 1049647679, 'cedula', 1049647679),
(1928161650, 'ROY', 'REYES LASCANO', 'rreyes@unal.edu.co', 'rreyes', 1002308912, 'cedula', 1002308912),
(1928172850, 'DAVID SANTIAGO', 'CORTES AVILA', 'dcortesav@unal.edu.co', 'dcortesav', 1000065099, 'cedula', 1000065099),
(1928188594, 'JORGE ENRIQUE', 'ROJAS PEREZ', 'jorojasp@unal.edu.co', 'jorojasp', 1003916446, 'cedula', 1003916446),
(1928255538, 'JOHAN SEBASTIAN', 'SANTAMARIA AHUMADA', 'josantamariaa@unal.edu.co', 'josantamariaa', 1013689060, 'cedula', 1013689060),
(1928268194, 'MARIA PAULA', 'PEREZ VARGAS', 'mperezvar@unal.edu.co', 'mperezvar', 1000158169, 'cedula', 1000158169),
(1928339586, 'ROSEMBERTH STEEVEN', 'PRECIGA PUENTES', 'rpreciga@unal.edu.co', 'rpreciga', 1000285525, 'cedula', 1000285525),
(1928361394, 'ANDRES FELIPE', 'CORREDOR GONZALEZ', 'acorredorg@unal.edu.co', 'acorredorg', 1002726256, 'cedula', 1002726256),
(1928377810, 'DIEGO  ALBERTO', 'ROMERO OLMOS', 'dromeroo@unal.edu.co', 'dromeroo', 1000121288, 'cedula', 1000121288),
(1928388674, 'DAVID FELIPE', 'GARCIA LOPEZ', 'dagarcialo@unal.edu.co', 'dagarcialo', 1000381634, 'cedula', 1000381634),
(1931679910, 'JUAN FELIPE', 'CASTRO MEDINA', 'juacastrome@unal.edu.co', 'juacastrome', 1005753164, 'cedula', 1005753164),
(1931682214, 'ESTEBAN', 'DURAN JIMENEZ', 'eduran@unal.edu.co', 'eduran', 1010053408, 'cedula', 1010053408),
(1931710022, 'CRISTIAN CAMILO', 'BARBOSA SUAREZ', 'cribarbosa@unal.edu.co', 'cribarbosa', 1000066052, 'cedula', 1000066052),
(1931719958, 'Nicolás', 'Osorio Guarin', 'niosoriog@unal.edu.co', 'niosoriog', 1000224919, 'cedula', 1000224919),
(1931731526, 'DANIEL FERNANDO', 'CHACON QUINTERO', 'dchaconq@unal.edu.co', 'dchaconq', 1026576357, 'cedula', 1026576357),
(1931794454, 'HECTOR ANDRES', 'APONTE PORRAS', 'haponte@unal.edu.co', 'haponte', 1018506495, 'cedula', 1018506495),
(1931811494, 'EDUARDO', 'FAJARDO LOPEZ', 'efajardol@unal.edu.co', 'efajardol', 79967963, 'cedula', 79967963),
(1931840774, 'ALVARO ARTURO', 'MONTENEGRO SILVA', 'aamontenegros@unal.edu.co', 'aamontenegros', 80236404, 'cedula', 80236404),
(1931842294, 'ALEJANDRO', 'PACHON ROMERO', 'alpachonr@unal.edu.co', 'alpachonr', 1000810757, 'cedula', 1000810757),
(1931859078, 'LUIS FELIPE', 'CUBILLOS VARGAS', 'lcubillosv@unal.edu.co', 'lcubillosv', 1001331526, 'cedula', 1001331526),
(1931861078, 'ANDRES CAMILO', 'CASTIBLANCO CRUZ', 'ancastiblanco@unal.edu.co', 'ancastiblanco', 1002331245, 'cedula', 1002331245),
(1931874678, 'DANIEL ESTEBAN', 'HERRERA ROSAS', 'danherreraro@unal.edu.co', 'danherreraro', 1018495187, 'cedula', 1018495187),
(1931901254, 'JOSE MIGUEL', 'SANCHEZ VARGAS', 'jossanchezva@unal.edu.co', 'jossanchezva', 1001289484, 'cedula', 1001289484),
(1931935430, 'ANGIE SOFIA', 'CARDENAS SANCHEZ', 'acardenassa@unal.edu.co', 'acardenassa', 1023364164, 'cedula', 1023364164),
(1931935974, 'DANIEL ESTEBAN', 'HOSTOS CONTRERAS', 'dhostos@unal.edu.co', 'dhostos', 1000604951, 'cedula', 1000604951),
(1931949126, 'IVAN ALEJANDRO', 'GIRALDO BLANCO', 'igiraldob@unal.edu.co', 'igiraldob', 1005153311, 'cedula', 1005153311),
(1931969574, 'LAURA DANIELA', 'OSORIO SANTOS', 'laosorios@unal.edu.co', 'laosorios', 1000688867, 'cedula', 1000688867),
(1931970246, 'LUIS ENRIQUE', 'CARMONA ANZOLA', 'lucarmonaa@unal.edu.co', 'lucarmonaa', 1007015699, 'cedula', 1007015699),
(1931981814, 'Juan Sebastián', 'Carrascal Acosta', 'jcarrascala@unal.edu.co', 'jcarrascal', 1005221054, 'cedula', 1005221054),
(1932020102, 'DAVID SANTIAGO', 'CUELLAR LOPEZ', 'dacuellarl@unal.edu.co', 'dacuellarl', 1077224327, 'cedula', 1077224327),
(1932057382, 'DIEGO ALEJANDRO', 'OLAYA PEÑA', 'dolayap@unal.edu.co', 'dolayap', 1002309028, 'cedula', 1002309028),
(1932060598, 'JUAN FELIPE', 'ORTIZ MALAGON', 'jortiz@unal.edu.co', 'jortiz', 1000337609, 'cedula', 1000337609),
(1932134134, 'JUAN DAVID', 'SANCHEZ ROJAS', 'jsanchezroj@unal.edu.co', 'jsanchezroj', 1003807011, 'cedula', 1003807011),
(1932136310, 'TAIT', 'MOZUCA TAMAYO', 'lmozuca@unal.edu.co', 'lmozuca', 1193560405, 'cedula', 1193560405),
(1932176374, 'JUAN SEBASTIAN', 'CABEZAS REYES', 'jcabezasr@unal.edu.co', 'jcabezasr', 1026296518, 'cedula', 1026296518),
(1932221622, 'ALEJANDRO', 'DIAZ DEVIA', 'aldiazd@unal.edu.co', 'aldiazd', 1001299780, 'cedula', 1001299780),
(1932248742, 'JUAN DAVID', 'MEDINA PEREZ', 'jmedinape@unal.edu.co', 'jmedinape', 1007135249, 'cedula', 1007135249),
(1932257142, 'SEBASTIAN', 'GRILLO GONZALEZ', 'sgrillog@unal.edu.co', 'sgrillog', 1003690070, 'cedula', 1003690070),
(1932259686, 'GIORDY SANTIAGO', 'CASTRO ALDANA', 'gicastroa@unal.edu.co', 'gicastroa', 1000064773, 'cedula', 1000064773),
(1932275702, 'JUAN DAVID', 'SUAREZ SANCHEZ', 'juzuarezsa@unal.edu.co', 'juzuarezsa', 1000364791, 'cedula', 1000364791),
(1932284294, 'ROGER', 'MORENO GIRALDO', 'romorenog@unal.edu.co', 'romorenog', 1083929963, 'cedula', 1083929963),
(1932315542, 'JUAN SEBASTIÁN', 'CAVIEDES BERNAL', 'jcaviedesb@unal.edu.co', 'jcaviedesb', 1002330202, 'cedula', 1002330202),
(1932326710, 'NICOLE DAYANA', 'MENDEZ PEDRAZA', 'nimendez@unal.edu.co', 'nimendez', 1000338435, 'cedula', 1000338435),
(1932326838, 'CRISTIAN FABIAN', 'MARTINEZ BOHÓRQUEZ', 'cmartinezbo@unal.edu.co', 'cmartinezbo', 1034776624, 'cedula', 1034776624),
(1932340742, 'Diego Julian', 'Barrera	Becerra', 'dbarrerab@unal.edu.co', 'dbarrerab', 1052416837, 'cedula', 1052416837),
(1932366166, 'CARLOS SANTIAGO', 'SUAREZ ASCENCIO', 'csuarezas@unal.edu.co', 'csuarezas', 1000938299, 'cedula', 1000938299),
(1932386678, 'CARLO JOHEL', 'TOSCANO MALDONADO', 'ctoscano@unal.edu.co', 'ctoscano', 1001185870, 'cedula', 1001185870),
(1932388406, 'Leider Felipe', 'Beltran Paramo', 'lbeltranp@unal.edu.co', 'lbeltranp', 1000940510, 'cedula', 1000940510),
(1932389702, 'DANIEL MAURICIO', 'RIVERO LOZADA', 'driverol@unal.edu.co', 'driverol', 1001185796, 'cedula', 1001185796),
(1932433958, 'NICOLAS MAURICIO', 'PARAMO RODRIGUEZ', 'nparamo@unal.edu.co', 'nparamo', 1007476318, 'cedula', 1007476318),
(1932434086, 'Juana Valentina ', 'Orjuela 	Londoño ', 'jorjuelal@unal.edu.co', 'jorjuelal', 1000379204, 'cedula', 1000379204),
(1932517238, 'NICOLÁS', 'GARZÓN PEÑA', 'ngarzonp@unal.edu.co', 'ngarzonp', 1113859036, 'cedula', 1113859036),
(1932528950, 'DIEGO ALEJANDRO', 'ARDILA CELY', 'diardilac@unal.edu.co', 'diardilac', 1000226464, 'cedula', 1000226464),
(1932540742, 'SAMARA GABRIELA', 'CESPEDES AFANADOR', 'scespedesa@unal.edu.co', 'scespedesa', 1005719055, 'cedula', 1005719055),
(1932560550, 'JULIAN DAVID', 'RIOS BRAVO', 'jriosb@unal.edu.co', 'jriosb', 1000255020, 'cedula', 1000255020),
(1932572550, 'JOHAN DANILO', 'GOMEZ BOCANEGRA', 'jgomezbo@unal.edu.co', 'jgomezbo', 1000729598, 'cedula', 1000729598),
(1932626678, 'MAICOL STEVEN', 'LEITON PAVA', 'mleiton@unal.edu.co', 'mleiton', 1000731433, 'cedula', 1000731433),
(1932626694, 'DAVID SANTIAGO', 'CARO ALVAREZ', 'dacaroa@unal.edu.co', 'dacaroa', 1002559865, 'cedula', 1002559865),
(1932629990, 'DANIEL ALEJANDRO', 'RODRIGUEZ PUENTES', 'darodriguezpu@unal.edu.co', 'darodriguezpu', 1013677200, 'cedula', 1013677200),
(1932639942, 'SERGIO ANDRES', 'MORENO CASTAÑEDA', 'sermoreno@unal.edu.co', 'sermoreno', 1000335540, 'cedula', 1000335540),
(1932653942, 'Isaac Ricardo', 'Hernandez 	Valdes', 'ishernandezv@unal.edu.co', 'ishernandezv', 1000612021, 'cedula', 1000612021),
(2130956747, 'JUAN SEBASTIAN', 'OTALORA QUIROGA', 'jsotaloraq@unal.edu.co', 'jsotaloraq', 1022435256, 'cedula', 1022435256),
(2130991851, 'HUGO MAURICIO', 'RAMÍREZ URIBE', 'hmramirezu@unal.edu.co', 'hmramirezu', 79650350, 'cedula', 79650350),
(2131549931, 'Felipe Alberto', 'Delgado Jimenez', 'fadelgadoj@unal.edu.co', 'fadelgadoj', 1032493584, 'cedula', 1032493584),
(2131818667, 'CARLOS ALBERTO', 'ZARATE REYES', 'cazarater@unal.edu.co', 'cazarater', 1031144832, 'cedula', 1031144832),
(2147483647, 'JOSE FERNANDO', 'MURCIA RINCON', 'jmurciar@unal.edu.co', 'jmurciar', 1000689473, 'cedula', 1000689473),
(2158687106, 'ESTEBAN DAVID', 'UMBARILA PACHON', 'eunbarila@unal.edu.co', 'eunbarila', 1000458999, 'cedula', 1000458999),
(2158763074, 'ANDRES FELIPE', 'RODRIGUEZ PEREZ', 'arodriguezper@unal.edu.co', 'arodriguezper', 1006414067, 'cedula', 1006414067),
(2158818114, 'STIVENS CAMILO', 'GUEVARA MORAN', 'stguevaram@unal.edu.co', 'stguevaram', 1006995724, 'cedula', 1006995724),
(2158855042, 'JUAN MANUEL', 'MILLAN SANCHEZ', 'jmillans@unal.edu.co', 'jmillans', 1000616312, 'cedula', 1000616312),
(2158861586, 'SANTIAGO CAMILO', 'FONSECA PRIETO', 'sfonsecap@unal.edu.co', 'sfonsecap', 1193086042, 'cedula', 1193086042),
(2158866690, 'JUAN JOSE', 'DIAZ GUERRERO', 'judiazgu@unal.edu.co', 'judiazgu', 1007476179, 'cedula', 1007476179),
(2158984786, 'Theylor Andres', 'amaya Villabon', 'taamayav@unal.edu.co', 'taamayav', 1033811973, 'cedula', 1033811973),
(2159008882, 'REY DAVID', 'MUÑOZ ANDRADE', 'rmunoz@unal.edu.co', 'rmunoz', 1002965905, 'cedula', 1002965905),
(2159013474, 'NICOLAS ALEXANDER', 'CORONADO PEREZ', 'ncoronado@unal.edu.co', 'ncoronado', 1002551574, 'cedula', 1002551574),
(2159098274, 'DANILO ENRIQUE', 'INSUASTY DELGADO', 'dinsuastyd@unal.edu.co', 'dinsuastyd', 1007759579, 'cedula', 1007759579),
(2159112194, 'SANTIAGO ANDRES', 'ACOSTA PARRA', 'saacostapa@unal.edu.co', 'saacostapa', 1000288050, 'cedula', 1000288050),
(2159208850, 'GERMAN OSVALDO', 'CACERES VARGAS', 'gcaceres@unal.edu.co', 'gcaceres', 1096949353, 'cedula', 1096949353),
(2159284802, 'NICOLAS FERNANDO', 'DAVILA PEÑUELA', 'ndavilap@unal.edu.co', 'ndavilap', 1001283479, 'cedula', 1001283479),
(2159287010, 'ANDRÉS FELIPE', 'CLAVIJO DURAN', 'aclavijod@unal.edu.co', 'aclavijod', 1001284872, 'cedula', 1001284872),
(2159290258, 'BRYAN DAVID', 'MAYORGA LANCHEROS', 'bmayorga@unal.edu.co', 'bmayorga', 1001187185, 'cedula', 1001187185),
(2159290578, 'ANDRES FELIPE', 'OSORIO ORTIZ', 'aosorioor@unal.edu.co', 'aosorioor', 1000181943, 'cedula', 1000181943),
(2159292338, 'DIEGO FERNANDO', 'CORTES MENDOZA', 'dicortesm@unal.edu.co', 'dicortesm', 1000064269, 'cedula', 1000064269),
(2159328210, 'BRAYAN DANIEL', 'SAIDIZA AMAYA', 'bsaidiza@unal.edu.co', 'bsaidiza', 1007414007, 'cedula', 1007414007),
(2179648500, 'JULIETH MANUELA', 'ROJAS CASTRO', 'julrojasc@unal.edu.co', 'julrojasc', 1081395246, 'cedula', 1081395246),
(2179686052, 'JUAN DANIEL', 'ROJAS CRUZ', 'jrojascr@unal.edu.co', 'jrojascr', 1000794707, 'cedula', 1000794707),
(2179702612, 'CHRISTIAN FELIPE', 'CASTAÑEDA CRISTANCHO', 'chcastanedac@unal.edu.co', 'chcastanedac', 1002537277, 'cedula', 1002537277),
(2179703044, 'BELLO BUITRAGO', 'BELLO BUITRAGO', 'pbellob@unal.edu.co', 'pbellob', 1193086735, 'cedula', 1193086735),
(2179722868, 'OMAR DAVID', 'GARZON HERNANDEZ', 'omgarzon@unal.edu.co', 'omgarzon', 1000252630, 'cedula', 1000252630),
(2179755540, 'DAVID SEBASTIAN', 'VALDERRAMA SAMBONI', 'slaverdem@unal.edu.co', 'slaverdem', 1000018637, 'cedula', 1000018637),
(2179763476, 'ANDRES FELIPE', 'QUENAN POZO', 'aquenan@unal.edu.co', 'aquenan', 1004579535, 'cedula', 1004579535),
(2179772468, 'NICOLAS', 'PEÑA GARZON', 'nipenas@unal.edu.co', 'nipenas', 1003530726, 'cedula', 1003530726),
(2179794516, 'PruebaEstudiante', 'UNAL', 'labdiee_fibog@unal.edu.co', 'estudianteprueba', 123456789, 'cedula', 123456789),
(2179816692, 'JUAN FELIPE', 'PRADO GORDILLO', 'jupradog@unal.edu.co', 'jupradog', 1006452370, 'cedula', 1006452370),
(2179817892, 'MARÍA ANGÉLICA', 'LESMES CALDERÓN', 'mlesmesc@unal.edu.co', 'mlesmesc', 1003951056, 'cedula', 1003951056),
(2179820532, 'GABRIEL FELIPE', 'OSTOS IGUAVITA', 'gostos@unal.edu.co', 'gostos', 1053442314, 'cedula', 1053442314),
(2179836436, 'CARLOS FERNANDO', 'QUINTERO CASTILLO', 'cquinteroca@unal.edu.co', 'cquinteroca', 1004603567, 'cedula', 1004603567),
(2179903860, 'DANNA', 'MONTAÑO DÍAZ', 'dmontanod@unal.edu.co', 'dmontanod', 1023163454, 'tarjeta de indentidad', 1023163454),
(2179921236, 'JOAN SEBASTIAN', 'ARCILA CARDOZO', 'joarcilac@unal.edu.co', 'joarcilac', 1006529010, 'cedula', 1006529010),
(2179957012, 'JUAN PABLO', 'HERNÁNDEZ LÓPEZ', 'juahernandezlo@unal.edu.co', 'juahernandezlo', 1031649577, 'cedula', 1031649577),
(2179983652, 'EDWARD JEISEN JAIR', 'ARÉVALO PEÑA', 'edarevalop@unal.edu.co', 'edarevalop', 1034777761, 'cedula', 1034777761),
(2179989236, 'DIANA MARGARITA', 'CASTILLO MOSQUERA', 'dicastillom@unal.edu.co', 'dicastillom', 1011201869, 'cedula', 1011201869),
(2180010852, 'ALEJANDRA', 'ORJUELA TORRES', 'aorjuelat@unal.edu.co', 'aorjuelat', 1027400646, 'cedula', 1027400646),
(2180018900, 'Juan Diego', 'Villamizar Toloza', 'jvillamizart@unal.edu.co', 'jvillamizart', 1004841984, 'cedula', 1004841984),
(2180020436, 'JESÚS DAVID', 'DÍAZ MARTÍNEZ', 'jediazma@unal.edu.co', 'jediazma', 1071628699, 'cedula', 1071628699),
(2180026180, 'ERIKA BRIYITH', 'HUESO CASTRO', 'ehueso@unal.edu.co', 'ehueso', 1032796209, 'cedula', 1032796209),
(2180053044, 'WILMER EDUARDO', 'RINCÓN MENESES', 'wrincon@unal.edu.co', 'wrincon', 1098717350, 'cedula', 1098717350),
(2180062740, 'DANIEL', 'CASTILLO SILVA', 'dcastillosi@unal.edu.co', 'dcastillosi', 1000951268, 'cedula', 1000951268),
(2180110724, 'MARIA LUCIA', 'CURREA QUINTERO', 'mcurrea@unal.edu.co', 'mcurrea', 1000048757, 'cedula', 1000048757),
(2180122868, 'JUAN DIEGO', 'CAMACHO CABRERA', 'jcamachoc@unal.edu.co', 'jcamachoc', 1013096553, 'cedula', 1013096553),
(2180151364, 'GABRIEL', 'CUBILLOS ROMERO', 'gacubillosro@unal.edu.co', 'gacubillosro', 1022430469, 'cedula', 1022430469),
(2180163156, 'EDWIN ALEXANDER', 'SUSATAMA PRIETO', 'esusatama@unal.edu.co', 'esusatama', 1020774090, 'cedula', 1020774090),
(2180165364, 'DANIELA', 'RODRIGUEZ ARELLANO', 'drodriguezare@unal.edu.co', 'drodriguezare', 1081054176, 'cedula', 1081054176),
(2180171284, 'HERNAN DAVID', 'CARVAJAL ORTIZ', 'hcarvajalo@unal.edu.co', 'hcarvajalo', 1010960228, 'cedula', 1010960228),
(2180191268, 'JUAN DAVID', 'HUERTAS CUBILLOS', 'juhuertasc@unal.edu.co', 'juhuertasc', 1021393646, 'cedula', 1021393646),
(2180236324, 'CRISTHIAN JAIR', 'LANCHEROS QUIROGA', 'clancherosq@unal.edu.co', 'clancherosq', 1010219477, 'cedula', 1010219477),
(2180267748, 'VALENTINA', 'BUELVAS COHEN', 'vbuelvas@unal.edu.co', 'vbuelvas', 1003003212, 'cedula', 1003003212),
(2180270484, 'JUAN PABLO', 'JIMENEZ PINZON', 'jjimenezpi@unal.edu.co', 'jjimenezpi', 1000861394, 'cedula', 1000861394),
(2180289412, 'CRISTIAN FABIAN', 'BAUTISTA FRANCO', 'cbautistaf@unal.edu.co', 'cbautistaf', 1004999864, 'cedula', 1004999864),
(2180309220, 'JUAN ESTEBAN', 'FLECHAS RINCON', 'jflechasr@unal.edu.co', 'jflechasr', 1192750002, 'cedula', 1192750002),
(2180326692, 'EDWIN DAVID', 'VEGA TATIS', 'evegat@unal.edu.co', 'evegat', 1048434324, 'cedula', 1048434324),
(2180374772, 'KAREN LORENA', 'BELLO GONZALEZ', 'kbellog@unal.edu.co', 'kbellog', 1001348389, 'cedula', 1001348389),
(2180381588, 'EDUARD HUMBERTO', 'GARCIA CASTILLO', 'edhgarciacas@unal.edu.co', 'edhgarciacas', 1032459854, 'cedula', 1032459854),
(2180400292, 'SEBASTIAN CAMILO', 'PIRA DOMINGUEZ', 'spira@unal.edu.co', 'spira', 1001287746, 'cedula', 1001287746),
(2180413348, 'GERHALDINE ALEJANDRA', 'SUAREZ BERNAL', 'gesuarezb@unal.edu.co', 'gesuarezb', 1002587215, 'cedula', 1002587215),
(2180477860, 'JEISON STEVEN', 'CAIPE CUASTUMAL', 'jcaipe@unal.edu.co', 'jcaipe', 1004534752, 'cedula', 1004534752),
(2180481780, 'YONATAN DARIO', 'DELGADO LASSO', 'ydelgadol@unal.edu.co', 'ydelgadol', 1004716269, 'cedula', 1004716269),
(2838316253, 'LINDA JULIETH', 'MENDEZ AROCA', 'lmendeza@unal.edu.co', 'lmendeza', 1010079470, 'cedula', 1010079470),
(2838543709, 'SERGIO CAMILO', 'REINA CARDENAS', 'sreina@unal.edu.co', 'sreina', 1001089507, 'cedula', 1001089507),
(2838711741, 'JOHN ALEXANDER', 'CARDENAS SISSA', 'jocardenass@unal.edu.co', 'jocardenass', 1023953578, 'cedula', 1023953578),
(2949578619, 'JUAN SEBASTIAN', 'VASQUEZ MORALES', 'jsvasquezm@unal.edu.co', 'jsvasquezm', 1022428921, 'cedula', 1022428921),
(2949627275, 'Diana Natali', 'Maldonado Ramírez', 'dnmaldonador@unal.edu.co', 'dnmaldonador', 1030620525, 'cedula', 1030620525),
(3287086234, 'MAICOL FABIAN', 'RODRIGUEZ TABACO', 'mfrodriguezt@unal.edu.co', 'mfrodriguezt', 1030657140, 'cedula', 1030657140),
(3288855354, 'Jhon Alexander ', 'Ramírez Martínez', 'jharamirezma@unal.edu.co', 'jharamirezma', 1015439333, 'cedula', 1015439333),
(3499142852, 'JOSE DANIEL', 'LAVADO FUENTES', 'jdlavadof@unal.edu.co', 'jdlavadof', 1032490278, 'cedula', 1032490278),
(3499966100, 'LAURA CATALINA', 'RAMIREZ VILLARREAL', 'laramirezvi@unal.edu.co', 'laramirezvi', 1085896010, 'cedula', 1085896010),
(3500029492, 'CESAR ALBEIRO', 'PARADA RINCON', 'ceparadar@unal.edu.co', 'ceparadar', 1006413534, 'cedula', 1006413534),
(3936356013, 'JUAN SEBASTIAN', 'PERDOMO CAICEDO', 'jperdomo@unal.edu.co', 'jperdomo', 1001315045, 'cedula', 1001315045),
(3936673949, 'JORGE ESTEBAN', 'CUADRADO VELASQUEZ', 'jcuadradov@unal.edu.co', 'jcuadradov', 1019140492, 'cedula', 1019140492),
(3937223805, 'MILLER JAVIER', 'ARIAS QUINTERO', 'mjariasq@unal.edu.co', 'mjariasq', 1032504777, 'cedula', 1032504777),
(3945513069, 'JUAN SEBASTIAN', 'SUTACHAN CORREA', 'jsutachan@unal.edu.co', 'jsutachan', 1193224800, 'cedula', 1193224800),
(3945521293, 'ANDREY NICOLAI', 'RODRIGUEZ VILLA', 'anrodriguezv@unal.edu.co', 'anrodriguezv', 1022422396, 'cedula', 1022422396),
(3945540061, 'ANGIE NATALIA', 'TORRES SEGURA', 'antorress@unal.edu.co', 'antorress', 1000005117, 'cedula', 1000005117),
(3945688077, 'CESAR EDUARDO', 'CARRILLO MAHECHA', 'ccarrillom@unal.edu.co', 'ccarrillom', 1000336700, 'cedula', 1000336700),
(3945748365, 'JUAN JOSE', 'GARCIA LEON', 'jugarciale@unal.edu.co', 'jugarciale', 1001345205, 'cedula', 1001345205),
(3945777613, 'JUAN MANUEL', 'BARRERO MENDOZA', 'jbarrerom@unal.edu.co', 'jbarrerom', 1192799512, 'cedula', 1192799512),
(3945787005, 'ANDRES ESTEBAN', 'MURILLO MORENO', 'amurillom@unal.edu.co', 'amurillom', 1000118643, 'cedula', 1000118643),
(3945867053, 'JUAN SEBASTIAN', 'PACHON GARZON', 'jupachong@unal.edu.co', 'jupachong', 1000515715, 'cedula', 1000515715),
(3945993389, 'DANIEL SANTIAGO', 'MUÑOZ BERNAL', 'danmunozbe@unal.edu.co', 'danmunozbe', 1000020227, 'cedula', 1000020227),
(3946371581, 'REIMON ARBEY', 'RIASCOS GUANCHA', 'rariascosg@unal.edu.co', 'rariascosg', 1082105907, 'cedula', 1082105907),
(3956674029, 'MIGUEL ANGEL', 'CLEVES BOLIVAR', 'mcleves@unal.edu.co', 'mcleves', 1010031726, 'cedula', 1010031726),
(3956688957, 'JUAN SEBASTIAN', 'VARGAS ORTIZ', 'juvargaso@unal.edu.co', 'juvargaso', 1002328613, 'cedula', 1002328613),
(3956843565, 'CARLOS FRANCISCO', 'GOMEZ LEON', 'cgomezle@unal.edu.co', 'cgomezle', 1007357896, 'cedula', 1007357896),
(3956858509, 'JUAN ANDRES', 'BARRERA RODRIGUEZ', 'jbarreraro@unal.edu.co', 'jbarreraro', 1001115124, 'cedula', 1001115124),
(3956906269, 'ABRAHAM FELIPE', 'MASMELA RAMIREZ', 'amasmela@unal.edu.co', 'amasmela', 1000616407, 'cedula', 1000616407),
(3956932669, 'JUAN MANUEL', 'CONTRERAS VARGAS', 'jucontrerasv@unal.edu.co', 'jucontrerasv', 1193122073, 'cedula', 1193122073),
(3956966445, 'LAYLA FATIMETH', 'RASCH MADURO', 'lrasch@unal.edu.co', 'lrasch', 1000257882, 'cedula', 1000257882),
(3956971821, 'CARLOS JULIAN', 'FURNIELES CHIPAGRA', 'cfurnieles@unal.edu.co', 'cfurnieles', 1005220776, 'cedula', 1005220776),
(3957004653, 'JUAN DAVID', 'MORALES RESTREPO', 'jumoralesr@unal.edu.co', 'jumoralesr', 1007463408, 'cedula', 1007463408),
(3957032973, 'WILLIAM ALEXANDER', 'BOHORQUEZ RODRIGUEZ', 'wbohorquezr@unal.edu.co', 'wbohorquezr', 1001198593, 'cedula', 1001198593),
(3957169181, 'PAULO CESAR', 'RINCON GARZON', 'princon@unal.edu.co', 'princon', 1000250814, 'cedula', 1000250814),
(3957348413, 'ANDRES FELIPE', 'MENDOZA ROSERO', 'anmendozar@unal.edu.co', 'anmendozar', 1004550491, 'cedula', 1004550491),
(3957409117, 'Juan Sebastian', 'Alba Narvaez', 'jalban@unal.edu.co', 'jalban', 1000269808, 'cedula', 1000269808),
(3957547757, 'DIEGO ANDRES', 'QUINTERO ROIS', 'diquinteror@unal.edu.co', 'diquinteror', 1003243161, 'cedula', 1003243161),
(3966162909, 'DANIEL FERNANDO', 'GONZALES MUÑOZ', 'dgonzalesm@unal.edu.co', 'dgonzalesm', 1012439017, 'cedula', 1012439017);

-- --------------------------------------------------------

--
-- Estructura de tabla para la tabla `teachers`
--

CREATE TABLE `teachers` (
  `ti_un` bigint(20) NOT NULL,
  `name` varchar(128) DEFAULT NULL,
  `last_name` varchar(128) DEFAULT NULL,
  `email` varchar(128) DEFAULT NULL,
  `username` varchar(128) DEFAULT NULL,
  `pass` bigint(20) DEFAULT NULL,
  `document_type` varchar(128) DEFAULT NULL,
  `document` bigint(20) DEFAULT NULL
) ENGINE=InnoDB DEFAULT CHARSET=utf8;

--
-- Volcado de datos para la tabla `teachers`
--

INSERT INTO `teachers` (`ti_un`, `name`, `last_name`, `email`, `username`, `pass`, `document_type`, `document`) VALUES
(0, ' Cristian Camilo ', 'Acosta Castro', 'ccacostac@unal.edu.co', 'ccacostac', 1032458072, 'cedula', 1032458072),
(123456, 'profesor temporal', 'ladiee', 'prueba', 'profesor', 123456, 'cedula', 123456),
(24186897, 'Cesar Orlando ', 'Diaz Benito', 'codiazb@unal.edu.co', 'codiazb', 79868142, 'cedula', 79868142),
(79297170, 'Henry', 'Moreno Mosquera', 'hmorenom@unal.edu.co', 'hmorenom', 79297170, 'cedula', 79297170),
(79602747, 'Jose Felix', 'Vega Stavro', 'jfvegas@unal.edu.co', 'jfvegas', 79602747, 'cedula', 79602747),
(1077341419, 'Father  Alexander ', 'Rodriguez  Pinto', 'faarodriguezpi@unal.edu.co', 'faarodriguezpi', 1016047651, 'cedula', 1016047651),
(1077440907, 'Kevin Dario ', 'Patino Sosa ', 'kdpatinos@unal.edu.co', 'kdpatinos', 1015427128, 'cedula', 1015427128),
(1077494395, 'andra Milena  ', 'Tellez Gutierrez', 'smtellezg@unal.edu.co', 'smtellezg', 52190361, 'cedula', 52190361),
(1366948782, ' Carlos Eduardo', 'Sanchez Diaz', 'cesanchezd@unal.edu.co', 'cesanchezd', 88218486, 'cedula', 88218486),
(1867905474, 'Manuel Octavio ', 'Acevedo Iles ', 'moacevedoi@unal.edu.co', 'moacevedoi', 1015473886, 'cedula', 1015473886),
(1927615522, 'Gabriel ', 'Perilla Galindo', 'gperillag@unal.edu.co', 'gperillag', 19258382, 'cedula', 19258382),
(1927753202, ' Diego Fernando', 'Munoz Velandia', 'dfmunozv@unal.edu.co', 'dfmunozv', 80249528, 'cedula', 80249528),
(1928276162, 'Paula Andrea ', 'Mozuca Tamayo ', 'pamozucat@unal.edu.co', 'pamozucat', 1032486505, 'cedula', 1032486505),
(1932323366, 'Edwin Fernando  ', 'Pineda Vargas', 'efpinedava@unal.edu.co', 'efpinedava', 80833122, 'cedula', 80833122),
(2130894219, 'Giovanny Aldemar ', 'Baquero Rozo ', 'gabaqueror@unal.edu.co', 'gabaqueror', 79801900, 'cedula', 79801900),
(2131367675, 'Fernando Augusto ', 'Herrera Leon ', 'faherreral@unal.edu.co', 'faherreral', 19455317, 'cedula', 19455317),
(2131644635, 'Oscar German ', 'Duarte Velasco', 'ogduartev@unal.edu.co', 'ogduartev', 79504981, 'cedula', 79504981),
(2158762466, 'Gabriel Andres ', 'Acevedo Forero ', 'gaacevedof@unal.edu.co', 'gaacevedof', 1030693240, 'cedula', 1030693240),
(2179794516, 'Alejandro', 'Suarez Tunjano', 'asuarezt@unal.edu.co', 'asuarezt', 80804017, 'cedula', 80804017),
(2179871796, 'Ferney Alberto ', 'Beltran Molina', 'fabeltranm@unal.edu.co', 'fabeltranm', 80179517, 'cedula', 80179517),
(2180404612, 'Jonnathan Steve ', 'Tarquino Gonzalez ', 'jstarquinog@unal.edu.co', 'jstarquinog', 1018409799, 'cedula', 1018409799),
(2949447371, 'Sergio Raul ', 'Rivera Rodriguez ', 'srriverar@unal.edu.co', 'srriverar', 79937875, 'cedula', 79937875),
(2949614715, 'JAVIER ALVEIRO', 'ROSERO GARCIA', 'jaroserog@unal.edu.co', 'jaroserog', 98337913, 'cedula', 98337913),
(2949726667, ' Christian Camilo', 'Cano Vasquez', 'cccanov@unal.edu.co', 'cccanov', 1032458402, 'cedula', 1032458402),
(2949865035, 'Juan Felipe ', 'Gutierrez Gomez ', 'jufgutierrezgo@unal.edu.co', 'jufgutierrezgo', 1032436599, 'cedula', 1032436599),
(3287174954, 'Johnny German ', 'Cubides Castro ', 'jgcubidesc@unal.edu.co', 'jgcubidesc', 13617902, 'cedula', 13617902),
(3499387908, 'Maribel ', 'Anaya Vejar ', 'manaya@unal.edu.co', 'manaya', 37844282, 'cedula', 37844282);

-- --------------------------------------------------------

--
-- Estructura de tabla para la tabla `types`
--

CREATE TABLE `types` (
  `type_id` int(11) NOT NULL,
  `type` varchar(255) DEFAULT NULL
) ENGINE=InnoDB DEFAULT CHARSET=utf8mb4;

--
-- Volcado de datos para la tabla `types`
--

INSERT INTO `types` (`type_id`, `type`) VALUES
(2, 'Cable de fuente de tensión'),
(3, 'Cable aislado de Bancos 202B'),
(4, 'Cable de aislado'),
(5, 'Cable'),
(6, 'Sonda para atuación x1, x10'),
(7, 'Sonda pasiva de alta tensión'),
(8, 'Digital'),
(9, 'Simple'),
(10, 'Triple'),
(11, 'Analogo'),
(12, 'Monofásico'),
(13, 'Trifasico'),
(14, 'BNC-Osciloscopio'),
(15, 'BNC-Multimetro'),
(16, 'N.A.'),
(17, 'Análoga'),
(18, 'Accesorios'),
(19, 'Máquina electromecánica'),
(20, 's'),
(21, 'd'),
(22, 'dscc'),
(23, 'prueba'),
(24, 'TRUE RMS'),
(25, 'Cyclone IV'),
(26, 'PC2'),
(27, 'OpenEP4CE6-C'),
(28, 'DSO'),
(29, 'Github'),
(30, 'ICL'),
(31, 'RF'),
(32, 'Osciloscopio-Generador-Fuente'),
(33, 'Cable sonda');

--
-- Índices para tablas volcadas
--

--
-- Indices de la tabla `admins`
--
ALTER TABLE `admins`
  ADD PRIMARY KEY (`ti_un`),
  ADD UNIQUE KEY `ti_un` (`ti_un`),
  ADD UNIQUE KEY `admin_id` (`admin_id`),
  ADD UNIQUE KEY `email` (`email`),
  ADD UNIQUE KEY `username` (`username`),
  ADD UNIQUE KEY `document` (`document`);

--
-- Indices de la tabla `codes`
--
ALTER TABLE `codes`
  ADD PRIMARY KEY (`code_id`);

--
-- Indices de la tabla `consumables`
--
ALTER TABLE `consumables`
  ADD PRIMARY KEY (`consumable_id`);

--
-- Indices de la tabla `courses`
--
ALTER TABLE `courses`
  ADD PRIMARY KEY (`course_id`),
  ADD KEY `name` (`name`) USING BTREE,
  ADD KEY `teacher_id` (`teacher_id`);

--
-- Indices de la tabla `debts`
--
ALTER TABLE `debts`
  ADD PRIMARY KEY (`debt_id`),
  ADD KEY `debt_id` (`debt_id`) USING BTREE,
  ADD KEY `rec_id` (`rec_id`);

--
-- Indices de la tabla `descriptions`
--
ALTER TABLE `descriptions`
  ADD PRIMARY KEY (`description_id`);

--
-- Indices de la tabla `equipment`
--
ALTER TABLE `equipment`
  ADD PRIMARY KEY (`equipment_id`);

--
-- Indices de la tabla `equipment_codes`
--
ALTER TABLE `equipment_codes`
  ADD PRIMARY KEY (`code_id`,`equipment_id`),
  ADD KEY `equipment_id` (`equipment_id`);

--
-- Indices de la tabla `full_equipment`
--
ALTER TABLE `full_equipment`
  ADD PRIMARY KEY (`full_equipment_id`),
  ADD KEY `full_equipment_id` (`full_equipment_id`) USING BTREE,
  ADD KEY `equipment_id` (`equipment_id`),
  ADD KEY `type_id` (`type_id`),
  ADD KEY `model_id` (`model_id`),
  ADD KEY `consumable_id` (`consumable_id`),
  ADD KEY `description_id` (`description_id`);

--
-- Indices de la tabla `history`
--
ALTER TABLE `history`
  ADD PRIMARY KEY (`history_id`),
  ADD KEY `history_id` (`history_id`) USING BTREE,
  ADD KEY `rec_id` (`rec_id`);

--
-- Indices de la tabla `members`
--
ALTER TABLE `members`
  ADD PRIMARY KEY (`student_id`,`course_id`),
  ADD KEY `course_id` (`course_id`);

--
-- Indices de la tabla `models`
--
ALTER TABLE `models`
  ADD PRIMARY KEY (`model_id`);

--
-- Indices de la tabla `requests`
--
ALTER TABLE `requests`
  ADD PRIMARY KEY (`request_id`),
  ADD KEY `ti_un` (`ti_un`);

--
-- Indices de la tabla `requests_equipment_codes`
--
ALTER TABLE `requests_equipment_codes`
  ADD PRIMARY KEY (`rec_id`),
  ADD KEY `rec_id` (`rec_id`) USING BTREE,
  ADD KEY `request_id` (`request_id`),
  ADD KEY `ti_un` (`ti_un`),
  ADD KEY `equipment_id` (`equipment_id`),
  ADD KEY `code_id` (`code_id`);

--
-- Indices de la tabla `students`
--
ALTER TABLE `students`
  ADD PRIMARY KEY (`ti_un`),
  ADD UNIQUE KEY `ti_un` (`ti_un`),
  ADD UNIQUE KEY `email` (`email`),
  ADD UNIQUE KEY `username` (`username`),
  ADD UNIQUE KEY `document` (`document`);

--
-- Indices de la tabla `teachers`
--
ALTER TABLE `teachers`
  ADD PRIMARY KEY (`ti_un`),
  ADD UNIQUE KEY `ti_un` (`ti_un`),
  ADD UNIQUE KEY `email` (`email`),
  ADD UNIQUE KEY `username` (`username`),
  ADD UNIQUE KEY `document` (`document`);

--
-- Indices de la tabla `types`
--
ALTER TABLE `types`
  ADD PRIMARY KEY (`type_id`);

--
-- AUTO_INCREMENT de las tablas volcadas
--

--
-- AUTO_INCREMENT de la tabla `codes`
--
ALTER TABLE `codes`
  MODIFY `code_id` int(11) NOT NULL AUTO_INCREMENT, AUTO_INCREMENT=1577;

--
-- AUTO_INCREMENT de la tabla `consumables`
--
ALTER TABLE `consumables`
  MODIFY `consumable_id` int(11) NOT NULL AUTO_INCREMENT, AUTO_INCREMENT=3;

--
-- AUTO_INCREMENT de la tabla `courses`
--
ALTER TABLE `courses`
  MODIFY `course_id` int(11) NOT NULL AUTO_INCREMENT, AUTO_INCREMENT=46;

--
-- AUTO_INCREMENT de la tabla `debts`
--
ALTER TABLE `debts`
  MODIFY `debt_id` int(11) NOT NULL AUTO_INCREMENT, AUTO_INCREMENT=12;

--
-- AUTO_INCREMENT de la tabla `descriptions`
--
ALTER TABLE `descriptions`
  MODIFY `description_id` int(11) NOT NULL AUTO_INCREMENT, AUTO_INCREMENT=267;

--
-- AUTO_INCREMENT de la tabla `equipment`
--
ALTER TABLE `equipment`
  MODIFY `equipment_id` int(11) NOT NULL AUTO_INCREMENT, AUTO_INCREMENT=86;

--
-- AUTO_INCREMENT de la tabla `full_equipment`
--
ALTER TABLE `full_equipment`
  MODIFY `full_equipment_id` int(11) NOT NULL AUTO_INCREMENT, AUTO_INCREMENT=288;

--
-- AUTO_INCREMENT de la tabla `history`
--
ALTER TABLE `history`
  MODIFY `history_id` int(11) NOT NULL AUTO_INCREMENT, AUTO_INCREMENT=12;

--
-- AUTO_INCREMENT de la tabla `models`
--
ALTER TABLE `models`
  MODIFY `model_id` int(11) NOT NULL AUTO_INCREMENT, AUTO_INCREMENT=157;

--
-- AUTO_INCREMENT de la tabla `requests`
--
ALTER TABLE `requests`
  MODIFY `request_id` int(11) NOT NULL AUTO_INCREMENT, AUTO_INCREMENT=80;

--
-- AUTO_INCREMENT de la tabla `requests_equipment_codes`
--
ALTER TABLE `requests_equipment_codes`
  MODIFY `rec_id` int(11) NOT NULL AUTO_INCREMENT, AUTO_INCREMENT=353;

--
-- AUTO_INCREMENT de la tabla `types`
--
ALTER TABLE `types`
  MODIFY `type_id` int(11) NOT NULL AUTO_INCREMENT, AUTO_INCREMENT=34;

--
-- Restricciones para tablas volcadas
--

--
-- Filtros para la tabla `courses`
--
ALTER TABLE `courses`
  ADD CONSTRAINT `courses_ibfk_1` FOREIGN KEY (`teacher_id`) REFERENCES `teachers` (`ti_un`) ON DELETE CASCADE ON UPDATE CASCADE;

--
-- Filtros para la tabla `debts`
--
ALTER TABLE `debts`
  ADD CONSTRAINT `debts_ibfk_1` FOREIGN KEY (`rec_id`) REFERENCES `requests_equipment_codes` (`rec_id`) ON DELETE CASCADE ON UPDATE CASCADE;

--
-- Filtros para la tabla `equipment_codes`
--
ALTER TABLE `equipment_codes`
  ADD CONSTRAINT `equipment_codes_ibfk_1` FOREIGN KEY (`code_id`) REFERENCES `codes` (`code_id`) ON DELETE CASCADE ON UPDATE CASCADE,
  ADD CONSTRAINT `equipment_codes_ibfk_2` FOREIGN KEY (`equipment_id`) REFERENCES `full_equipment` (`full_equipment_id`) ON DELETE CASCADE ON UPDATE CASCADE;

--
-- Filtros para la tabla `full_equipment`
--
ALTER TABLE `full_equipment`
  ADD CONSTRAINT `full_equipment_ibfk_1` FOREIGN KEY (`equipment_id`) REFERENCES `equipment` (`equipment_id`) ON DELETE CASCADE ON UPDATE CASCADE,
  ADD CONSTRAINT `full_equipment_ibfk_2` FOREIGN KEY (`type_id`) REFERENCES `types` (`type_id`) ON DELETE CASCADE ON UPDATE CASCADE,
  ADD CONSTRAINT `full_equipment_ibfk_3` FOREIGN KEY (`model_id`) REFERENCES `models` (`model_id`) ON DELETE CASCADE ON UPDATE CASCADE,
  ADD CONSTRAINT `full_equipment_ibfk_4` FOREIGN KEY (`consumable_id`) REFERENCES `consumables` (`consumable_id`) ON DELETE CASCADE ON UPDATE CASCADE,
  ADD CONSTRAINT `full_equipment_ibfk_5` FOREIGN KEY (`description_id`) REFERENCES `descriptions` (`description_id`) ON DELETE CASCADE ON UPDATE CASCADE;

--
-- Filtros para la tabla `history`
--
ALTER TABLE `history`
  ADD CONSTRAINT `history_ibfk_1` FOREIGN KEY (`rec_id`) REFERENCES `requests_equipment_codes` (`rec_id`) ON DELETE CASCADE ON UPDATE CASCADE;

--
-- Filtros para la tabla `members`
--
ALTER TABLE `members`
  ADD CONSTRAINT `members_ibfk_2` FOREIGN KEY (`course_id`) REFERENCES `courses` (`course_id`) ON DELETE CASCADE ON UPDATE CASCADE,
  ADD CONSTRAINT `members_ibfk_3` FOREIGN KEY (`student_id`) REFERENCES `students` (`ti_un`) ON DELETE CASCADE ON UPDATE CASCADE;

--
-- Filtros para la tabla `requests`
--
ALTER TABLE `requests`
  ADD CONSTRAINT `requests_ibfk_1` FOREIGN KEY (`ti_un`) REFERENCES `students` (`ti_un`) ON DELETE CASCADE ON UPDATE CASCADE;

--
-- Filtros para la tabla `requests_equipment_codes`
--
ALTER TABLE `requests_equipment_codes`
  ADD CONSTRAINT `requests_equipment_codes_ibfk_1` FOREIGN KEY (`request_id`) REFERENCES `requests` (`request_id`) ON DELETE CASCADE ON UPDATE CASCADE,
  ADD CONSTRAINT `requests_equipment_codes_ibfk_3` FOREIGN KEY (`equipment_id`) REFERENCES `full_equipment` (`full_equipment_id`) ON DELETE CASCADE ON UPDATE CASCADE,
  ADD CONSTRAINT `requests_equipment_codes_ibfk_4` FOREIGN KEY (`code_id`) REFERENCES `codes` (`code_id`) ON DELETE CASCADE ON UPDATE CASCADE,
  ADD CONSTRAINT `requests_equipment_codes_ibfk_5` FOREIGN KEY (`ti_un`) REFERENCES `students` (`ti_un`) ON DELETE CASCADE ON UPDATE CASCADE;
COMMIT;

/*!40101 SET CHARACTER_SET_CLIENT=@OLD_CHARACTER_SET_CLIENT */;
/*!40101 SET CHARACTER_SET_RESULTS=@OLD_CHARACTER_SET_RESULTS */;
/*!40101 SET COLLATION_CONNECTION=@OLD_COLLATION_CONNECTION */;
